number,latency,type,duration
1,1,0,0
2,66164,6,0
3,66760,6,0
4,67374,6,0
5,67989,6,0
6,68603,6,0
7,69217,6,0
8,69831,6,0
9,70445,6,0
10,71060,6,0
11,71674,6,0
12,72288,6,0
13,72902,6,0
14,73517,6,0
15,74131,6,0
16,74745,6,0
17,75359,6,0
18,75973,6,0
19,76588,6,0
20,77202,6,0
21,77816,6,0
22,78430,6,0
23,79045,6,0
24,79659,6,0
25,80273,6,0
26,80887,6,0
27,81502,6,0
28,82116,6,0
29,82730,6,0
30,83344,6,0
31,83959,6,0
32,84573,6,0
33,85187,6,0
34,85801,6,0
35,86416,6,0
36,87030,6,0
37,87644,6,0
38,88258,6,0
39,88873,6,0
40,89487,6,0
41,90101,6,0
42,90715,6,0
43,91329,6,0
44,91944,6,0
45,92558,6,0
46,93172,6,0
47,93786,6,0
48,94401,6,0
49,95015,6,0
50,95629,6,0
51,96243,6,0
52,96858,6,0
53,97472,6,0
54,98086,6,0
55,98700,6,0
56,99314,6,0
57,99929,6,0
58,100543,6,0
59,101157,6,0
60,101771,6,0
61,102386,6,0
62,103000,6,0
63,103614,6,0
64,104228,6,0
65,104843,6,0
66,105457,6,0
67,106071,6,0
68,106685,6,0
69,107300,6,0
70,107914,6,0
71,108528,6,0
72,109142,6,0
73,109757,6,0
74,110371,6,0
75,110985,6,0
76,111599,6,0
77,112213,6,0
78,112828,6,0
79,113442,6,0
80,114056,6,0
81,114670,6,0
82,115285,6,0
83,115899,6,0
84,116513,6,0
85,117127,6,0
86,117742,6,0
87,118356,6,0
88,118970,6,0
89,119584,6,0
90,120199,6,0
91,120813,6,0
92,121427,6,0
93,122041,6,0
94,122655,6,0
95,123270,6,0
96,123884,6,0
97,124498,6,0
98,125112,6,0
99,125727,6,0
100,126341,6,0
101,126955,6,0
102,127569,6,0
103,128184,6,0
104,128798,6,0
105,129412,6,0
106,130026,6,0
107,130641,6,0
108,131255,6,0
109,131869,6,0
110,132483,6,0
111,133098,6,0
112,133712,6,0
113,134326,6,0
114,134940,6,0
115,135555,6,0
116,136169,6,0
117,136783,6,0
118,137397,6,0
119,138012,6,0
120,138626,6,0
121,139240,6,0
122,139854,6,0
123,140468,6,0
124,141083,6,0
125,141697,6,0
126,142311,6,0
127,142925,6,0
128,143540,6,0
129,144154,6,0
130,144768,6,0
131,145382,6,0
132,145997,6,0
133,146611,6,0
134,147225,6,0
135,147839,6,0
136,148454,6,0
137,149068,6,0
138,149682,6,0
139,150296,6,0
140,150911,6,0
141,151525,6,0
142,156592,3,0
143,157206,3,0
144,157821,3,0
145,158435,3,0
146,159049,3,0
147,159663,3,0
148,160278,3,0
149,160892,3,0
150,161506,3,0
151,162120,3,0
152,162735,3,0
153,163349,3,0
154,163963,3,0
155,164577,3,0
156,165192,3,0
157,165806,4,0
158,166420,3,0
159,167034,3,0
160,167648,3,0
161,168263,3,0
162,168877,3,0
163,169491,3,0
164,170105,3,0
165,170720,3,0
166,171334,3,0
167,171948,3,0
168,172562,4,0
169,173177,3,0
170,173791,3,0
171,174405,3,0
172,175019,3,0
173,175634,3,0
174,176248,3,0
175,176862,3,0
176,177476,3,0
177,178091,3,0
178,178705,3,0
179,179319,3,0
180,179933,3,0
181,180548,3,0
182,181162,4,0
183,181776,3,0
184,182390,3,0
185,183004,3,0
186,183619,3,0
187,184233,3,0
188,184847,3,0
189,185461,3,0
190,186075,1,0
191,186076,3,0
192,186690,4,0
193,187304,3,0
194,187918,3,0
195,188533,3,0
196,189147,3,0
197,189761,3,0
198,190375,3,0
199,190990,3,0
200,191604,3,0
201,192218,3,0
202,192832,3,0
203,193446,3,0
204,194061,3,0
205,194675,3,0
206,195289,3,0
207,195904,3,0
208,196518,3,0
209,197132,4,0
210,197746,3,0
211,198360,3,0
212,198975,3,0
213,199589,3,0
214,200203,3,0
215,200817,3,0
216,201431,3,0
217,202046,3,0
218,202660,3,0
219,203274,4,0
220,203888,3,0
221,204503,3,0
222,205117,3,0
223,205731,3,0
224,206345,3,0
225,206960,3,0
226,207574,3,0
227,208188,3,0
228,208802,3,0
229,209417,3,0
230,210031,3,0
231,210645,3,0
232,211259,3,0
233,211874,3,0
234,212488,3,0
235,213102,3,0
236,213716,3,0
237,214331,3,0
238,214945,4,0
239,215559,3,0
240,216173,3,0
241,216787,3,0
242,217402,3,0
243,229329,3,0
244,229942,3,0
245,230557,3,0
246,231171,3,0
247,231785,3,0
248,232399,3,0
249,233014,3,0
250,233628,3,0
251,234242,4,0
252,234856,3,0
253,235471,3,0
254,236085,3,0
255,236699,3,0
256,237313,3,0
257,237927,3,0
258,238542,3,0
259,239156,3,0
260,239770,3,0
261,240385,3,0
262,240999,3,0
263,241613,3,0
264,242227,3,0
265,242841,3,0
266,243456,3,0
267,244070,3,0
268,244684,3,0
269,245298,4,0
270,245913,3,0
271,246527,3,0
272,247141,3,0
273,247755,3,0
274,248370,3,0
275,248984,3,0
276,249598,3,0
277,250212,3,0
278,250826,3,0
279,251441,3,0
280,252055,3,0
281,252669,3,0
282,253284,3,0
283,253898,3,0
284,254512,3,0
285,255126,3,0
286,255740,3,0
287,256355,4,0
288,256969,3,0
289,257583,3,0
290,258197,3,0
291,258812,3,0
292,259426,3,0
293,260040,3,0
294,260654,3,0
295,261269,3,0
296,261883,4,0
297,262497,3,0
298,263111,3,0
299,263726,3,0
300,264340,3,0
301,264954,3,0
302,265568,3,0
303,266183,3,0
304,266797,3,0
305,267411,3,0
306,268025,4,0
307,268639,3,0
308,269254,3,0
309,269868,3,0
310,270482,3,0
311,271096,3,0
312,271711,3,0
313,272325,3,0
314,272939,3,0
315,273553,3,0
316,274168,3,0
317,274782,3,0
318,275396,3,0
319,276010,3,0
320,276625,3,0
321,277239,3,0
322,277853,3,0
323,278467,3,0
324,279081,4,0
325,279696,3,0
326,280310,3,0
327,280924,3,0
328,281538,3,0
329,282153,3,0
330,282767,3,0
331,283381,3,0
332,283995,3,0
333,284610,3,0
334,285224,3,0
335,285838,3,0
336,286452,3,0
337,287067,3,0
338,287681,3,0
339,288295,3,0
340,288909,3,0
341,289523,4,0
342,290138,3,0
343,300887,3,0
344,301502,3,0
345,302116,3,0
346,302730,3,0
347,303344,3,0
348,303958,3,0
349,304572,3,0
350,305187,3,0
351,305801,3,0
352,306415,3,0
353,307029,3,0
354,307644,3,0
355,308258,3,0
356,308872,3,0
357,309486,3,0
358,310100,3,0
359,310715,4,0
360,311329,3,0
361,311943,3,0
362,312557,3,0
363,313172,3,0
364,313786,3,0
365,314400,3,0
366,315014,3,0
367,315629,3,0
368,316243,3,0
369,316857,3,0
370,317471,3,0
371,318086,3,0
372,318700,3,0
373,319314,4,0
374,319928,3,0
375,320542,3,0
376,321157,3,0
377,321771,3,0
378,322385,3,0
379,323000,3,0
380,323614,3,0
381,324228,3,0
382,324842,4,0
383,325456,3,0
384,326071,3,0
385,326685,3,0
386,327299,3,0
387,327913,3,0
388,328528,3,0
389,329142,3,0
390,329756,3,0
391,330370,3,0
392,330985,3,0
393,331599,3,0
394,332213,3,0
395,332827,3,0
396,333442,4,0
397,334056,3,0
398,334670,3,0
399,335284,3,0
400,335899,3,0
401,336513,3,0
402,337127,3,0
403,337741,3,0
404,338355,3,0
405,338970,3,0
406,339584,3,0
407,340198,3,0
408,340812,3,0
409,341427,3,0
410,342041,3,0
411,342655,3,0
412,343269,3,0
413,343884,4,0
414,344498,3,0
415,345112,3,0
416,345726,3,0
417,346341,3,0
418,346955,3,0
419,347569,3,0
420,348183,3,0
421,348797,3,0
422,349412,3,0
423,350026,3,0
424,350640,3,0
425,351254,3,0
426,351869,3,0
427,352483,3,0
428,353097,3,0
429,353711,4,0
430,354326,3,0
431,354940,3,0
432,355554,3,0
433,356168,3,0
434,356783,3,0
435,357397,3,0
436,358011,3,0
437,358625,3,0
438,359240,3,0
439,359854,3,0
440,360468,4,0
441,361082,3,0
442,361696,3,0
443,372838,3,0
444,373452,3,0
445,374067,3,0
446,374681,3,0
447,375295,3,0
448,375909,3,0
449,376523,3,0
450,377138,3,0
451,377752,3,0
452,378366,3,0
453,378980,3,0
454,379595,3,0
455,380209,3,0
456,380823,3,0
457,381437,4,0
458,382052,3,0
459,382666,3,0
460,383280,3,0
461,383894,3,0
462,384509,3,0
463,385123,3,0
464,385737,3,0
465,386351,3,0
466,386966,3,0
467,387580,3,0
468,388194,3,0
469,388808,3,0
470,389422,3,0
471,390037,3,0
472,390651,3,0
473,391265,4,0
474,391879,3,0
475,392494,3,0
476,393108,3,0
477,393722,3,0
478,394336,3,0
479,394950,3,0
480,395565,3,0
481,396179,3,0
482,396793,3,0
483,397408,3,0
484,398022,3,0
485,398636,3,0
486,399250,3,0
487,399865,3,0
488,400479,4,0
489,401093,3,0
490,401707,3,0
491,402321,3,0
492,402936,3,0
493,403550,3,0
494,404164,3,0
495,404778,3,0
496,405393,3,0
497,406007,3,0
498,406621,4,0
499,407235,3,0
500,407850,3,0
501,408464,3,0
502,409078,3,0
503,409692,3,0
504,410306,3,0
505,410921,3,0
506,411535,3,0
507,412149,3,0
508,412763,3,0
509,413378,4,0
510,413992,3,0
511,414606,3,0
512,415220,3,0
513,415835,3,0
514,416449,3,0
515,417063,3,0
516,417677,3,0
517,418292,3,0
518,418906,3,0
519,419520,3,0
520,420135,3,0
521,420749,3,0
522,421363,3,0
523,421977,3,0
524,422591,3,0
525,423206,3,0
526,423820,4,0
527,424434,3,0
528,425048,3,0
529,425662,3,0
530,426277,3,0
531,426891,3,0
532,427505,3,0
533,428120,3,0
534,428734,3,0
535,429348,3,0
536,429962,3,0
537,430576,3,0
538,431191,3,0
539,431805,3,0
540,432419,3,0
541,433033,4,0
542,433648,3,0
543,444449,3,0
544,445062,3,0
545,445677,3,0
546,446291,3,0
547,446905,3,0
548,447519,3,0
549,448133,3,0
550,448748,3,0
551,449362,3,0
552,449976,3,0
553,450590,4,0
554,451205,3,0
555,451819,3,0
556,452433,3,0
557,453047,3,0
558,453662,3,0
559,454276,3,0
560,454890,3,0
561,455504,3,0
562,456119,4,0
563,456733,3,0
564,457347,3,0
565,457961,3,0
566,458575,3,0
567,459190,3,0
568,459804,3,0
569,460418,3,0
570,461032,3,0
571,461647,3,0
572,462261,3,0
573,462875,3,0
574,463489,3,0
575,464104,3,0
576,464718,3,0
577,465332,3,0
578,465946,3,0
579,466561,3,0
580,467175,3,0
581,467789,4,0
582,468403,3,0
583,469017,3,0
584,469632,3,0
585,470246,3,0
586,470860,3,0
587,471474,3,0
588,472089,3,0
589,472703,3,0
590,473317,3,0
591,473931,3,0
592,474546,3,0
593,475160,3,0
594,475774,3,0
595,476388,3,0
596,477003,3,0
597,477617,3,0
598,478231,3,0
599,478845,4,0
600,479460,3,0
601,480074,3,0
602,480688,3,0
603,481302,3,0
604,481917,3,0
605,482531,3,0
606,483145,3,0
607,483759,3,0
608,484373,3,0
609,484988,3,0
610,485602,3,0
611,486216,4,0
612,486830,3,0
613,487445,3,0
614,488059,3,0
615,488673,3,0
616,489287,3,0
617,489901,3,0
618,490516,3,0
619,491130,3,0
620,491744,3,0
621,492358,4,0
622,492973,3,0
623,493587,3,0
624,494201,3,0
625,494816,3,0
626,495430,3,0
627,496044,3,0
628,496658,3,0
629,497272,3,0
630,497887,3,0
631,498501,3,0
632,499115,3,0
633,499729,3,0
634,500344,4,0
635,500958,3,0
636,501572,3,0
637,502186,3,0
638,502800,3,0
639,503415,3,0
640,504029,3,0
641,504643,3,0
642,505257,3,0
643,515376,3,0
644,515990,3,0
645,516604,3,0
646,517218,3,0
647,517833,3,0
648,518447,3,0
649,519061,3,0
650,519675,3,0
651,520289,4,0
652,520904,3,0
653,521518,3,0
654,522132,3,0
655,522746,3,0
656,523361,3,0
657,523975,3,0
658,524589,3,0
659,525203,3,0
660,525817,3,0
661,526432,3,0
662,527046,3,0
663,527660,3,0
664,528274,3,0
665,528889,4,0
666,529503,3,0
667,530117,3,0
668,530731,3,0
669,531346,3,0
670,531960,3,0
671,532574,3,0
672,533188,3,0
673,533803,3,0
674,534417,3,0
675,535031,3,0
676,535645,3,0
677,536259,3,0
678,536874,3,0
679,537488,4,0
680,538102,3,0
681,538716,3,0
682,539331,3,0
683,539945,3,0
684,540559,3,0
685,541173,3,0
686,541788,3,0
687,542402,3,0
688,543016,3,0
689,543630,3,0
690,544245,3,0
691,544859,3,0
692,545473,3,0
693,546087,3,0
694,546701,3,0
695,547316,4,0
696,547930,3,0
697,548544,3,0
698,549158,3,0
699,549773,3,0
700,550387,3,0
701,551001,3,0
702,551615,3,0
703,552230,3,0
704,552844,3,0
705,553458,3,0
706,554072,3,0
707,554686,3,0
708,555301,3,0
709,555915,4,0
710,556529,3,0
711,557143,3,0
712,557758,3,0
713,558372,3,0
714,558986,3,0
715,559601,3,0
716,560215,3,0
717,560829,3,0
718,561443,3,0
719,562057,3,0
720,562672,3,0
721,563286,3,0
722,563900,3,0
723,564514,3,0
724,565129,4,0
725,565743,3,0
726,566357,3,0
727,566971,3,0
728,567586,3,0
729,568200,3,0
730,568814,3,0
731,569428,3,0
732,570042,3,0
733,570657,3,0
734,571271,3,0
735,571885,3,0
736,572499,3,0
737,573114,3,0
738,573728,3,0
739,574342,3,0
740,574956,3,0
741,575571,4,0
742,576185,3,0
743,587685,3,0
744,588299,3,0
745,588913,3,0
746,589528,3,0
747,590142,3,0
748,590756,3,0
749,591370,3,0
750,591985,3,0
751,592599,3,0
752,593213,3,0
753,593827,3,0
754,594441,3,0
755,595056,3,0
756,595670,3,0
757,596284,4,0
758,596898,3,0
759,597513,3,0
760,598127,3,0
761,598741,3,0
762,599355,3,0
763,599970,3,0
764,600584,3,0
765,601198,3,0
766,601812,3,0
767,602427,3,0
768,603041,3,0
769,603655,3,0
770,604269,3,0
771,604883,3,0
772,605498,3,0
773,606112,3,0
774,606726,4,0
775,607340,3,0
776,607955,3,0
777,608569,3,0
778,609183,3,0
779,609797,3,0
780,610412,3,0
781,611026,3,0
782,611640,3,0
783,612254,3,0
784,612869,4,0
785,613483,3,0
786,614097,3,0
787,614711,3,0
788,615325,3,0
789,615940,3,0
790,616554,3,0
791,617168,3,0
792,617782,3,0
793,618397,4,0
794,619011,3,0
795,619625,3,0
796,620239,3,0
797,620854,3,0
798,621468,3,0
799,622082,3,0
800,622696,3,0
801,623310,3,0
802,623925,3,0
803,624539,4,0
804,625153,3,0
805,625768,3,0
806,626382,3,0
807,626996,3,0
808,627610,3,0
809,628224,3,0
810,628839,3,0
811,629453,3,0
812,630067,3,0
813,630681,3,0
814,631296,3,0
815,631910,3,0
816,632524,3,0
817,633138,3,0
818,633753,3,0
819,634367,3,0
820,634981,4,0
821,635595,3,0
822,636210,3,0
823,636824,3,0
824,637438,3,0
825,638052,3,0
826,638666,3,0
827,639281,3,0
828,639895,3,0
829,640509,3,0
830,641123,3,0
831,641738,3,0
832,642352,3,0
833,642966,3,0
834,643580,3,0
835,644195,3,0
836,644809,3,0
837,645423,3,0
838,646037,3,0
839,646652,4,0
840,647266,3,0
841,647880,3,0
842,648494,3,0
843,659346,3,0
844,659960,3,0
845,660575,3,0
846,661188,3,0
847,661803,3,0
848,662417,3,0
849,663031,3,0
850,663646,3,0
851,664260,3,0
852,664874,3,0
853,665488,3,0
854,666102,4,0
855,666717,3,0
856,667331,3,0
857,667945,3,0
858,668559,3,0
859,669174,3,0
860,669788,3,0
861,670402,3,0
862,671016,3,0
863,671631,3,0
864,672245,4,0
865,672859,3,0
866,673473,3,0
867,674088,3,0
868,674702,3,0
869,675316,3,0
870,675930,3,0
871,676544,3,0
872,677159,3,0
873,677773,3,0
874,678387,3,0
875,679001,3,0
876,679616,3,0
877,680230,3,0
878,680844,3,0
879,681458,3,0
880,682073,4,0
881,682687,3,0
882,683301,3,0
883,683915,3,0
884,684530,3,0
885,685144,3,0
886,685758,3,0
887,686372,3,0
888,686987,3,0
889,687601,3,0
890,688215,3,0
891,688829,3,0
892,689444,3,0
893,690058,3,0
894,690672,3,0
895,691286,3,0
896,691900,3,0
897,692515,3,0
898,693129,4,0
899,693743,3,0
900,694358,3,0
901,694972,3,0
902,695586,3,0
903,696200,3,0
904,696814,3,0
905,697429,3,0
906,698043,3,0
907,698657,3,0
908,699271,4,0
909,699886,3,0
910,700500,3,0
911,701114,3,0
912,701728,3,0
913,702343,3,0
914,702957,3,0
915,703571,3,0
916,704185,3,0
917,704800,3,0
918,705414,3,0
919,706028,3,0
920,706642,4,0
921,707257,3,0
922,707871,3,0
923,708485,3,0
924,709099,3,0
925,709713,3,0
926,710328,3,0
927,710942,3,0
928,711556,3,0
929,712170,3,0
930,712785,3,0
931,713399,3,0
932,714013,3,0
933,714627,3,0
934,715242,3,0
935,715856,3,0
936,716470,4,0
937,717084,3,0
938,717699,3,0
939,718313,3,0
940,718927,3,0
941,719541,3,0
942,720156,3,0
943,730154,3,0
944,730768,3,0
945,731383,3,0
946,731997,3,0
947,732611,3,0
948,733225,3,0
949,733839,3,0
950,734454,3,0
951,735068,3,0
952,735682,3,0
953,736296,3,0
954,736911,3,0
955,737525,3,0
956,738139,3,0
957,738753,3,0
958,739367,3,0
959,739982,4,0
960,740596,3,0
961,741210,3,0
962,741824,3,0
963,742439,3,0
964,743053,3,0
965,743667,3,0
966,744281,3,0
967,744896,3,0
968,745510,3,0
969,746124,3,0
970,746738,3,0
971,747352,3,0
972,747967,4,0
973,748581,3,0
974,749195,3,0
975,749809,3,0
976,750424,3,0
977,751038,3,0
978,751652,3,0
979,752266,3,0
980,752881,3,0
981,753495,3,0
982,754109,3,0
983,754723,3,0
984,755338,3,0
985,755952,4,0
986,756566,3,0
987,757180,3,0
988,757795,3,0
989,758409,3,0
990,759023,3,0
991,759637,3,0
992,760251,3,0
993,760866,3,0
994,761480,3,0
995,762094,3,0
996,762708,3,0
997,763323,4,0
998,763937,3,0
999,764551,3,0
1000,765166,3,0
1001,765780,3,0
1002,766394,3,0
1003,767008,3,0
1004,767622,3,0
1005,768237,3,0
1006,768851,3,0
1007,769465,3,0
1008,770079,3,0
1009,770694,3,0
1010,771308,3,0
1011,771922,4,0
1012,772536,3,0
1013,773151,3,0
1014,773765,3,0
1015,774379,3,0
1016,774993,3,0
1017,775608,3,0
1018,776222,3,0
1019,776836,3,0
1020,777450,3,0
1021,778065,3,0
1022,778679,3,0
1023,779293,3,0
1024,779907,3,0
1025,780521,3,0
1026,781136,3,0
1027,781750,3,0
1028,782364,3,0
1029,782978,3,0
1030,783593,4,0
1031,784207,3,0
1032,784821,3,0
1033,785435,3,0
1034,786050,3,0
1035,786664,3,0
1036,787278,3,0
1037,787892,3,0
1038,788507,3,0
1039,789121,3,0
1040,789735,3,0
1041,790349,4,0
1042,790963,3,0
1043,801832,3,0
1044,802446,3,0
1045,803061,3,0
1046,803675,3,0
1047,804289,3,0
1048,804903,3,0
1049,805517,3,0
1050,806132,3,0
1051,806746,3,0
1052,807360,3,0
1053,807974,4,0
1054,808589,3,0
1055,809203,3,0
1056,809817,3,0
1057,810431,3,0
1058,811046,3,0
1059,811660,3,0
1060,812274,3,0
1061,812888,3,0
1062,813503,3,0
1063,814117,3,0
1064,814731,3,0
1065,815345,3,0
1066,815960,3,0
1067,816574,3,0
1068,817188,4,0
1069,817802,3,0
1070,818416,3,0
1071,819031,3,0
1072,819645,3,0
1073,820259,3,0
1074,820873,3,0
1075,821488,3,0
1076,822102,3,0
1077,822716,3,0
1078,823330,3,0
1079,823945,3,0
1080,824559,4,0
1081,825173,3,0
1082,825787,3,0
1083,826401,3,0
1084,827016,3,0
1085,827630,3,0
1086,828244,3,0
1087,828858,3,0
1088,829473,3,0
1089,830087,3,0
1090,830701,3,0
1091,831316,3,0
1092,831930,3,0
1093,832544,3,0
1094,833158,3,0
1095,833772,3,0
1096,834387,4,0
1097,835001,3,0
1098,835615,3,0
1099,836229,3,0
1100,836844,3,0
1101,837458,3,0
1102,838072,3,0
1103,838686,3,0
1104,839301,3,0
1105,839915,3,0
1106,840529,3,0
1107,841143,3,0
1108,841758,3,0
1109,842372,3,0
1110,842986,4,0
1111,843600,3,0
1112,844214,3,0
1113,844829,3,0
1114,845443,3,0
1115,846058,3,0
1116,846671,3,0
1117,847286,3,0
1118,847900,3,0
1119,848514,3,0
1120,849128,3,0
1121,849743,3,0
1122,850357,3,0
1123,850971,3,0
1124,851585,3,0
1125,852200,3,0
1126,852814,3,0
1127,853428,4,0
1128,854042,3,0
1129,854656,3,0
1130,855271,3,0
1131,855885,3,0
1132,856499,3,0
1133,857113,3,0
1134,857728,3,0
1135,858342,3,0
1136,858956,3,0
1137,859570,3,0
1138,860185,4,0
1139,860799,3,0
1140,861413,3,0
1141,862027,3,0
1142,862642,3,0
1143,872538,3,0
1144,873152,3,0
1145,873766,3,0
1146,874380,3,0
1147,874995,3,0
1148,875609,3,0
1149,876223,3,0
1150,876837,3,0
1151,877452,3,0
1152,878066,3,0
1153,878680,3,0
1154,879294,3,0
1155,879909,3,0
1156,880523,3,0
1157,881137,3,0
1158,881751,3,0
1159,882366,3,0
1160,882980,4,0
1161,883594,3,0
1162,884208,3,0
1163,884822,3,0
1164,885437,3,0
1165,886051,3,0
1166,886665,3,0
1167,887279,3,0
1168,887894,3,0
1169,888508,3,0
1170,889122,3,0
1171,889736,3,0
1172,890350,3,0
1173,890965,3,0
1174,891579,3,0
1175,892193,3,0
1176,892808,3,0
1177,893422,3,0
1178,894036,4,0
1179,894650,3,0
1180,895264,3,0
1181,895879,3,0
1182,896493,3,0
1183,897107,3,0
1184,897721,3,0
1185,898336,3,0
1186,898950,3,0
1187,899564,4,0
1188,900178,3,0
1189,900792,3,0
1190,901407,3,0
1191,902021,3,0
1192,902636,3,0
1193,903250,3,0
1194,903864,3,0
1195,904478,3,0
1196,905092,3,0
1197,905706,3,0
1198,906321,3,0
1199,906935,3,0
1200,907549,4,0
1201,908163,3,0
1202,908778,3,0
1203,909392,3,0
1204,910006,3,0
1205,910620,3,0
1206,911235,3,0
1207,911849,3,0
1208,912463,3,0
1209,913077,3,0
1210,913692,3,0
1211,914306,4,0
1212,914920,3,0
1213,915534,3,0
1214,916148,3,0
1215,916763,3,0
1216,917377,3,0
1217,917991,3,0
1218,918605,3,0
1219,919220,3,0
1220,919834,3,0
1221,920448,3,0
1222,921063,3,0
1223,921677,3,0
1224,922291,3,0
1225,922905,4,0
1226,923519,3,0
1227,924134,3,0
1228,924748,3,0
1229,925362,3,0
1230,925976,3,0
1231,926591,3,0
1232,927205,3,0
1233,927819,3,0
1234,928433,3,0
1235,929048,3,0
1236,929662,3,0
1237,930276,3,0
1238,930890,3,0
1239,931505,3,0
1240,932119,3,0
1241,932733,4,0
1242,933347,3,0
1243,944728,3,0
1244,945342,3,0
1245,945956,3,0
1246,946570,3,0
1247,947185,3,0
1248,947799,3,0
1249,948413,3,0
1250,949027,3,0
1251,949642,3,0
1252,950256,3,0
1253,950870,4,0
1254,951484,3,0
1255,952099,3,0
1256,952713,3,0
1257,953327,3,0
1258,953941,3,0
1259,954556,3,0
1260,955170,3,0
1261,955784,3,0
1262,956398,3,0
1263,957012,3,0
1264,957627,3,0
1265,958241,3,0
1266,958855,3,0
1267,959469,3,0
1268,960084,3,0
1269,960698,3,0
1270,961312,3,0
1271,961926,3,0
1272,962541,4,0
1273,963155,3,0
1274,963769,3,0
1275,964383,3,0
1276,964998,3,0
1277,965612,3,0
1278,966226,3,0
1279,966840,3,0
1280,967455,3,0
1281,968069,3,0
1282,968683,3,0
1283,969297,3,0
1284,969911,4,0
1285,970526,3,0
1286,971140,3,0
1287,971754,3,0
1288,972368,3,0
1289,972983,3,0
1290,973597,3,0
1291,974211,3,0
1292,974826,3,0
1293,975440,4,0
1294,976054,3,0
1295,976668,3,0
1296,977282,3,0
1297,977897,3,0
1298,978511,3,0
1299,979125,3,0
1300,979739,3,0
1301,980353,3,0
1302,980968,4,0
1303,981582,3,0
1304,982196,3,0
1305,982810,3,0
1306,983425,3,0
1307,984039,3,0
1308,984653,3,0
1309,985267,3,0
1310,985882,3,0
1311,986496,3,0
1312,987110,3,0
1313,987724,3,0
1314,988339,3,0
1315,988953,3,0
1316,989567,3,0
1317,990181,3,0
1318,990795,3,0
1319,991410,4,0
1320,992024,3,0
1321,992638,3,0
1322,993252,3,0
1323,993867,3,0
1324,994481,3,0
1325,995095,3,0
1326,995709,3,0
1327,996324,3,0
1328,996938,3,0
1329,997552,3,0
1330,998166,3,0
1331,998781,3,0
1332,999395,3,0
1333,1000009,4,0
1334,1000623,3,0
1335,1001238,3,0
1336,1001852,3,0
1337,1002466,3,0
1338,1003080,3,0
1339,1003694,3,0
1340,1004309,3,0
1341,1004923,3,0
1342,1005537,3,0
1343,1016048,3,0
1344,1016662,3,0
1345,1017276,3,0
1346,1017890,3,0
1347,1018504,3,0
1348,1019119,3,0
1349,1019733,3,0
1350,1020347,3,0
1351,1020962,3,0
1352,1021576,3,0
1353,1022190,3,0
1354,1022804,3,0
1355,1023418,4,0
1356,1024033,3,0
1357,1024647,3,0
1358,1025261,3,0
1359,1025875,3,0
1360,1026490,3,0
1361,1027104,3,0
1362,1027718,3,0
1363,1028332,3,0
1364,1028947,4,0
1365,1029561,3,0
1366,1030175,3,0
1367,1030789,3,0
1368,1031403,3,0
1369,1032018,3,0
1370,1032632,3,0
1371,1033246,3,0
1372,1033860,3,0
1373,1034475,3,0
1374,1035089,3,0
1375,1035703,3,0
1376,1036317,3,0
1377,1036932,3,0
1378,1037546,3,0
1379,1038160,4,0
1380,1038774,3,0
1381,1039389,3,0
1382,1040003,3,0
1383,1040617,3,0
1384,1041231,3,0
1385,1041846,3,0
1386,1042460,3,0
1387,1043074,3,0
1388,1043688,3,0
1389,1044303,3,0
1390,1044917,3,0
1391,1045531,3,0
1392,1046145,3,0
1393,1046759,4,0
1394,1047374,3,0
1395,1047988,3,0
1396,1048602,3,0
1397,1049216,3,0
1398,1049831,3,0
1399,1050445,3,0
1400,1051059,3,0
1401,1051673,3,0
1402,1052288,3,0
1403,1052902,3,0
1404,1053516,3,0
1405,1054130,3,0
1406,1054745,3,0
1407,1055359,3,0
1408,1055973,4,0
1409,1056587,3,0
1410,1057202,3,0
1411,1057816,3,0
1412,1058430,3,0
1413,1059044,3,0
1414,1059658,3,0
1415,1060273,3,0
1416,1060887,3,0
1417,1061501,4,0
1418,1062115,3,0
1419,1062730,3,0
1420,1063344,3,0
1421,1063958,3,0
1422,1064572,3,0
1423,1065187,3,0
1424,1065801,3,0
1425,1066415,3,0
1426,1067029,3,0
1427,1067644,3,0
1428,1068258,3,0
1429,1068872,3,0
1430,1069486,3,0
1431,1070101,3,0
1432,1070715,3,0
1433,1071329,3,0
1434,1071943,4,0
1435,1072557,3,0
1436,1073172,3,0
1437,1073786,3,0
1438,1074400,3,0
1439,1075014,3,0
1440,1075629,3,0
1441,1076243,3,0
1442,1076857,3,0
1443,1087880,3,0
1444,1088494,3,0
1445,1089108,3,0
1446,1089722,3,0
1447,1090336,3,0
1448,1090950,3,0
1449,1091565,3,0
1450,1092179,3,0
1451,1092793,3,0
1452,1093407,3,0
1453,1094022,3,0
1454,1094636,3,0
1455,1095250,4,0
1456,1095864,3,0
1457,1096479,3,0
1458,1097093,3,0
1459,1097707,3,0
1460,1098321,3,0
1461,1098936,3,0
1462,1099550,3,0
1463,1100164,3,0
1464,1100778,3,0
1465,1101392,3,0
1466,1102007,4,0
1467,1102621,3,0
1468,1103235,3,0
1469,1103849,3,0
1470,1104464,3,0
1471,1105078,3,0
1472,1105692,3,0
1473,1106306,3,0
1474,1106921,3,0
1475,1107535,4,0
1476,1108149,3,0
1477,1108763,3,0
1478,1109378,3,0
1479,1109992,3,0
1480,1110606,3,0
1481,1111220,3,0
1482,1111835,3,0
1483,1112449,3,0
1484,1113063,3,0
1485,1113677,3,0
1486,1114291,3,0
1487,1114906,3,0
1488,1115520,3,0
1489,1116134,3,0
1490,1116748,3,0
1491,1117363,3,0
1492,1117977,3,0
1493,1118591,4,0
1494,1119205,3,0
1495,1119820,3,0
1496,1120434,3,0
1497,1121048,3,0
1498,1121662,3,0
1499,1122277,3,0
1500,1122891,3,0
1501,1123505,3,0
1502,1124119,3,0
1503,1124733,3,0
1504,1125348,3,0
1505,1125962,4,0
1506,1126576,3,0
1507,1127190,3,0
1508,1127805,3,0
1509,1128419,3,0
1510,1129033,3,0
1511,1129647,3,0
1512,1130262,3,0
1513,1130876,3,0
1514,1131490,3,0
1515,1132104,3,0
1516,1132719,3,0
1517,1133333,3,0
1518,1133947,3,0
1519,1134561,3,0
1520,1135175,4,0
1521,1135790,3,0
1522,1136404,3,0
1523,1137018,3,0
1524,1137632,3,0
1525,1138247,3,0
1526,1138861,3,0
1527,1139475,3,0
1528,1140089,3,0
1529,1140704,3,0
1530,1141318,3,0
1531,1141932,3,0
1532,1142546,3,0
1533,1143161,3,0
1534,1143775,3,0
1535,1144389,3,0
1536,1145003,3,0
1537,1145618,3,0
1538,1146232,4,0
1539,1146846,3,0
1540,1147460,3,0
1541,1148075,3,0
1542,1148689,3,0
1543,1159336,3,0
1544,1159950,3,0
1545,1160564,3,0
1546,1161178,3,0
1547,1161793,3,0
1548,1162407,3,0
1549,1163021,3,0
1550,1163635,3,0
1551,1164250,3,0
1552,1164864,3,0
1553,1165478,4,0
1554,1166092,3,0
1555,1166706,3,0
1556,1167321,3,0
1557,1167935,3,0
1558,1168549,3,0
1559,1169164,3,0
1560,1169778,3,0
1561,1170392,3,0
1562,1171006,3,0
1563,1171620,4,0
1564,1172234,3,0
1565,1172849,3,0
1566,1173463,3,0
1567,1174077,3,0
1568,1174691,3,0
1569,1175306,3,0
1570,1175920,3,0
1571,1176534,3,0
1572,1177148,3,0
1573,1177763,3,0
1574,1178377,4,0
1575,1178991,3,0
1576,1179605,3,0
1577,1180220,3,0
1578,1180834,3,0
1579,1181448,3,0
1580,1182062,3,0
1581,1182677,3,0
1582,1183291,3,0
1583,1183905,3,0
1584,1184519,3,0
1585,1185134,3,0
1586,1185748,3,0
1587,1186362,3,0
1588,1186976,3,0
1589,1187591,3,0
1590,1188205,3,0
1591,1188819,4,0
1592,1189433,3,0
1593,1190048,3,0
1594,1190662,3,0
1595,1191276,3,0
1596,1191890,3,0
1597,1192504,3,0
1598,1193119,3,0
1599,1193733,3,0
1600,1194347,4,0
1601,1194961,3,0
1602,1195576,3,0
1603,1196190,3,0
1604,1196804,3,0
1605,1197418,3,0
1606,1198033,3,0
1607,1198647,3,0
1608,1199261,3,0
1609,1199875,3,0
1610,1200490,3,0
1611,1201104,3,0
1612,1201718,3,0
1613,1202332,3,0
1614,1202946,3,0
1615,1203561,3,0
1616,1204175,3,0
1617,1204789,3,0
1618,1205403,4,0
1619,1206018,3,0
1620,1206632,3,0
1621,1207246,3,0
1622,1207860,3,0
1623,1208475,3,0
1624,1209089,3,0
1625,1209703,3,0
1626,1210317,3,0
1627,1210932,3,0
1628,1211546,3,0
1629,1212160,3,0
1630,1212774,3,0
1631,1213389,3,0
1632,1214003,3,0
1633,1214617,4,0
1634,1215231,3,0
1635,1215846,3,0
1636,1216460,3,0
1637,1217074,3,0
1638,1217688,3,0
1639,1218302,3,0
1640,1218917,3,0
1641,1219531,3,0
1642,1220145,3,0
1643,1230400,3,0
1644,1231014,3,0
1645,1231628,3,0
1646,1232242,3,0
1647,1232857,3,0
1648,1233471,3,0
1649,1234085,3,0
1650,1234699,3,0
1651,1235313,4,0
1652,1235928,3,0
1653,1236542,3,0
1654,1237156,3,0
1655,1237770,3,0
1656,1238385,3,0
1657,1238999,3,0
1658,1239613,3,0
1659,1240227,3,0
1660,1240842,3,0
1661,1241456,3,0
1662,1242070,3,0
1663,1242684,3,0
1664,1243299,3,0
1665,1243913,3,0
1666,1244527,3,0
1667,1245141,4,0
1668,1245756,3,0
1669,1246370,3,0
1670,1246984,3,0
1671,1247598,3,0
1672,1248212,3,0
1673,1248827,3,0
1674,1249441,3,0
1675,1250055,3,0
1676,1250669,3,0
1677,1251284,3,0
1678,1251898,3,0
1679,1252512,3,0
1680,1253126,3,0
1681,1253741,3,0
1682,1254355,3,0
1683,1254969,3,0
1684,1255583,4,0
1685,1256198,3,0
1686,1256812,3,0
1687,1257426,3,0
1688,1258040,3,0
1689,1258655,3,0
1690,1259269,3,0
1691,1259883,3,0
1692,1260497,3,0
1693,1261111,3,0
1694,1261726,3,0
1695,1262340,3,0
1696,1262954,4,0
1697,1263568,3,0
1698,1264183,3,0
1699,1264797,3,0
1700,1265411,3,0
1701,1266025,3,0
1702,1266640,3,0
1703,1267254,3,0
1704,1267868,3,0
1705,1268482,4,0
1706,1269097,3,0
1707,1269711,3,0
1708,1270325,3,0
1709,1270939,3,0
1710,1271553,3,0
1711,1272168,3,0
1712,1272782,3,0
1713,1273396,3,0
1714,1274010,3,0
1715,1274625,3,0
1716,1275239,4,0
1717,1275853,3,0
1718,1276467,1,0
1719,1276468,3,0
1720,1277082,3,0
1721,1277696,3,0
1722,1278310,3,0
1723,1278924,3,0
1724,1279539,3,0
1725,1280153,3,0
1726,1280767,3,0
1727,1281381,3,0
1728,1281996,3,0
1729,1282610,3,0
1730,1283224,3,0
1731,1283838,3,0
1732,1284452,3,0
1733,1285067,3,0
1734,1285681,3,0
1735,1286295,4,0
1736,1286909,3,0
1737,1287524,3,0
1738,1288138,3,0
1739,1288752,3,0
1740,1289366,3,0
1741,1289981,3,0
1742,1290595,3,0
1743,1291209,3,0
1744,1302283,3,0
1745,1302897,3,0
1746,1303511,3,0
1747,1304125,3,0
1748,1304739,3,0
1749,1305354,3,0
1750,1305968,3,0
1751,1306582,3,0
1752,1307196,3,0
1753,1307810,3,0
1754,1308425,3,0
1755,1309039,3,0
1756,1309653,3,0
1757,1310267,3,0
1758,1310882,3,0
1759,1311496,3,0
1760,1312110,4,0
1761,1312725,3,0
1762,1313339,3,0
1763,1313953,3,0
1764,1314567,3,0
1765,1315181,3,0
1766,1315796,3,0
1767,1316410,3,0
1768,1317024,3,0
1769,1317638,3,0
1770,1318253,3,0
1771,1318867,3,0
1772,1319481,3,0
1773,1320095,3,0
1774,1320710,4,0
1775,1321324,3,0
1776,1321938,3,0
1777,1322552,3,0
1778,1323167,3,0
1779,1323781,3,0
1780,1324395,3,0
1781,1325009,3,0
1782,1325624,3,0
1783,1326238,3,0
1784,1326852,3,0
1785,1327466,3,0
1786,1328080,3,0
1787,1328695,4,0
1788,1329309,3,0
1789,1329923,3,0
1790,1330537,3,0
1791,1331152,3,0
1792,1331766,3,0
1793,1332380,3,0
1794,1332994,3,0
1795,1333609,3,0
1796,1334223,3,0
1797,1334837,3,0
1798,1335451,3,0
1799,1336066,3,0
1800,1336680,3,0
1801,1337294,4,0
1802,1337908,3,0
1803,1338522,3,0
1804,1339137,3,0
1805,1339751,3,0
1806,1340365,3,0
1807,1340979,3,0
1808,1341594,3,0
1809,1342208,3,0
1810,1342822,3,0
1811,1343436,3,0
1812,1344051,4,0
1813,1344665,3,0
1814,1345279,3,0
1815,1345893,3,0
1816,1346508,3,0
1817,1347122,3,0
1818,1347736,3,0
1819,1348350,3,0
1820,1348965,3,0
1821,1349579,3,0
1822,1350193,3,0
1823,1350807,3,0
1824,1351421,3,0
1825,1352036,3,0
1826,1352650,3,0
1827,1353264,4,0
1828,1353878,3,0
1829,1354493,3,0
1830,1355107,3,0
1831,1355721,3,0
1832,1356335,3,0
1833,1356950,3,0
1834,1357564,3,0
1835,1358178,3,0
1836,1358792,3,0
1837,1359407,3,0
1838,1360021,3,0
1839,1360635,3,0
1840,1361249,3,0
1841,1361864,3,0
1842,1362478,4,0
1843,1363092,3,0
1844,1374285,3,0
1845,1374899,3,0
1846,1375513,3,0
1847,1376127,3,0
1848,1376742,3,0
1849,1377356,3,0
1850,1377970,3,0
1851,1378584,3,0
1852,1379199,3,0
1853,1379813,3,0
1854,1380427,3,0
1855,1381041,3,0
1856,1381656,3,0
1857,1382270,3,0
1858,1382884,3,0
1859,1383498,3,0
1860,1384113,3,0
1861,1384727,4,0
1862,1385341,3,0
1863,1385955,3,0
1864,1386570,3,0
1865,1387184,3,0
1866,1387798,3,0
1867,1388412,3,0
1868,1389027,3,0
1869,1389641,3,0
1870,1390255,3,0
1871,1390869,3,0
1872,1391483,3,0
1873,1392098,3,0
1874,1392712,3,0
1875,1393326,4,0
1876,1393940,3,0
1877,1394555,3,0
1878,1395169,3,0
1879,1395783,3,0
1880,1396397,3,0
1881,1397012,3,0
1882,1397626,3,0
1883,1398240,3,0
1884,1398854,3,0
1885,1399469,3,0
1886,1400083,3,0
1887,1400697,3,0
1888,1401311,3,0
1889,1401925,4,0
1890,1402540,3,0
1891,1403154,3,0
1892,1403768,3,0
1893,1404382,3,0
1894,1404997,3,0
1895,1405611,3,0
1896,1406225,3,0
1897,1406839,3,0
1898,1407454,3,0
1899,1408068,3,0
1900,1408682,4,0
1901,1409296,3,0
1902,1409911,3,0
1903,1410525,3,0
1904,1411139,3,0
1905,1411753,3,0
1906,1412368,3,0
1907,1412982,3,0
1908,1413596,3,0
1909,1414210,3,0
1910,1414824,4,0
1911,1415439,3,0
1912,1416053,3,0
1913,1416667,3,0
1914,1417281,3,0
1915,1417896,3,0
1916,1418510,3,0
1917,1419124,3,0
1918,1419738,3,0
1919,1420353,3,0
1920,1420967,3,0
1921,1421581,3,0
1922,1422195,3,0
1923,1422810,3,0
1924,1423424,3,0
1925,1424038,3,0
1926,1424652,4,0
1927,1425267,3,0
1928,1425881,3,0
1929,1426495,3,0
1930,1427109,3,0
1931,1427723,3,0
1932,1428338,3,0
1933,1428952,3,0
1934,1429566,3,0
1935,1430180,3,0
1936,1430795,3,0
1937,1431409,3,0
1938,1432023,3,0
1939,1432637,3,0
1940,1433252,3,0
1941,1433866,3,0
1942,1434480,4,0
1943,1435094,3,0
1944,1446083,3,0
1945,1446697,3,0
1946,1447311,3,0
1947,1447925,3,0
1948,1448539,3,0
1949,1449154,3,0
1950,1449768,3,0
1951,1450382,3,0
1952,1450996,4,0
1953,1451610,3,0
1954,1452225,3,0
1955,1452839,3,0
1956,1453453,3,0
1957,1454067,3,0
1958,1454682,3,0
1959,1455296,3,0
1960,1455910,3,0
1961,1456524,3,0
1962,1457139,3,0
1963,1457753,3,0
1964,1458367,3,0
1965,1458981,3,0
1966,1459596,3,0
1967,1460210,3,0
1968,1460824,3,0
1969,1461438,3,0
1970,1462052,4,0
1971,1462667,3,0
1972,1463281,3,0
1973,1463895,3,0
1974,1464509,3,0
1975,1465124,3,0
1976,1465738,3,0
1977,1466352,3,0
1978,1466967,3,0
1979,1467581,3,0
1980,1468195,3,0
1981,1468809,3,0
1982,1469423,3,0
1983,1470038,3,0
1984,1470652,3,0
1985,1471266,4,0
1986,1471880,3,0
1987,1472494,3,0
1988,1473109,3,0
1989,1473723,3,0
1990,1474337,3,0
1991,1474951,3,0
1992,1475566,3,0
1993,1476180,3,0
1994,1476794,3,0
1995,1477408,3,0
1996,1478023,4,0
1997,1478637,3,0
1998,1479251,3,0
1999,1479865,3,0
2000,1480480,3,0
2001,1481094,3,0
2002,1481708,3,0
2003,1482322,3,0
2004,1482937,3,0
2005,1483551,3,0
2006,1484165,3,0
2007,1484779,3,0
2008,1485394,4,0
2009,1486008,3,0
2010,1486622,3,0
2011,1487236,3,0
2012,1487850,3,0
2013,1488465,3,0
2014,1489079,3,0
2015,1489693,3,0
2016,1490308,3,0
2017,1490922,3,0
2018,1491536,3,0
2019,1492150,3,0
2020,1492764,3,0
2021,1493379,3,0
2022,1493993,4,0
2023,1494607,3,0
2024,1495221,3,0
2025,1495836,3,0
2026,1496450,3,0
2027,1497064,3,0
2028,1497678,3,0
2029,1498293,3,0
2030,1498907,3,0
2031,1499521,3,0
2032,1500135,3,0
2033,1500750,3,0
2034,1501364,4,0
2035,1501978,3,0
2036,1502592,3,0
2037,1503207,3,0
2038,1503821,3,0
2039,1504435,3,0
2040,1505049,3,0
2041,1505663,3,0
2042,1506278,3,0
2043,1506892,3,0
2044,1518989,3,0
2045,1519603,3,0
2046,1520218,3,0
2047,1520832,3,0
2048,1521446,3,0
2049,1522060,3,0
2050,1522674,3,0
2051,1523289,3,0
2052,1523903,4,0
2053,1524517,3,0
2054,1525131,3,0
2055,1525746,3,0
2056,1526360,3,0
2057,1526974,3,0
2058,1527589,3,0
2059,1528203,3,0
2060,1528817,3,0
2061,1529431,3,0
2062,1530045,4,0
2063,1530659,3,0
2064,1531274,3,0
2065,1531888,3,0
2066,1532502,3,0
2067,1533116,3,0
2068,1533731,3,0
2069,1534345,3,0
2070,1534959,3,0
2071,1535573,3,0
2072,1536188,3,0
2073,1536802,3,0
2074,1537416,3,0
2075,1538031,3,0
2076,1538644,4,0
2077,1539259,3,0
2078,1539873,3,0
2079,1540487,3,0
2080,1541101,3,0
2081,1541716,3,0
2082,1542330,3,0
2083,1542944,3,0
2084,1543558,3,0
2085,1544173,3,0
2086,1544787,3,0
2087,1545401,3,0
2088,1546015,3,0
2089,1546630,3,0
2090,1547244,4,0
2091,1547858,3,0
2092,1548472,3,0
2093,1549087,3,0
2094,1549701,3,0
2095,1550315,3,0
2096,1550929,3,0
2097,1551544,3,0
2098,1552158,3,0
2099,1552772,3,0
2100,1553386,3,0
2101,1554001,3,0
2102,1554615,3,0
2103,1555229,3,0
2104,1555843,3,0
2105,1556457,3,0
2106,1557072,3,0
2107,1557686,3,0
2108,1558300,3,0
2109,1558914,4,0
2110,1559529,3,0
2111,1560143,3,0
2112,1560757,3,0
2113,1561371,3,0
2114,1561986,3,0
2115,1562600,3,0
2116,1563214,3,0
2117,1563828,3,0
2118,1564443,3,0
2119,1565057,3,0
2120,1565671,4,0
2121,1566285,3,0
2122,1566900,3,0
2123,1567514,3,0
2124,1568128,3,0
2125,1568742,3,0
2126,1569357,3,0
2127,1569971,3,0
2128,1570585,3,0
2129,1571199,3,0
2130,1571813,3,0
2131,1572428,3,0
2132,1573042,3,0
2133,1573656,3,0
2134,1574270,3,0
2135,1574885,3,0
2136,1575499,4,0
2137,1576113,3,0
2138,1576727,3,0
2139,1577342,3,0
2140,1577956,3,0
2141,1578570,3,0
2142,1579184,3,0
2143,1579798,3,0
2144,1909329,5,0
2145,1909944,5,0
2146,1910558,5,0
2147,1911172,5,0
2148,1911786,5,0
2149,1912400,5,0
2150,1913015,5,0
2151,1913629,5,0
2152,1914243,5,0
2153,1914857,5,0
2154,1915472,5,0
2155,1916086,5,0
2156,1916700,5,0
2157,1917314,5,0
2158,1917929,5,0
2159,1918543,5,0
2160,1919157,5,0
2161,1919771,5,0
2162,1920386,5,0
2163,1921000,5,0
2164,1921614,5,0
2165,1922228,5,0
2166,1922843,5,0
2167,1923457,5,0
2168,1924071,5,0
2169,1924685,5,0
2170,1925299,5,0
2171,1925914,5,0
2172,1926528,5,0
2173,1927142,5,0
2174,1927756,5,0
2175,1928371,5,0
2176,1928985,5,0
2177,1929599,5,0
2178,1930213,5,0
2179,1930828,5,0
2180,1931442,5,0
2181,1932056,5,0
2182,1932670,5,0
2183,1933285,5,0
2184,1933899,5,0
2185,1934513,5,0
2186,1935127,5,0
2187,1935742,5,0
2188,1936356,5,0
2189,1936970,5,0
2190,1937584,5,0
2191,1938198,5,0
2192,1938813,5,0
2193,1939427,5,0
2194,1940041,5,0
2195,1940655,5,0
2196,1941270,5,0
2197,1941884,5,0
2198,1942498,5,0
2199,1943112,5,0
2200,1943727,5,0
2201,1944341,5,0
2202,1944955,5,0
2203,1945569,5,0
2204,1946184,5,0
2205,1946798,5,0
2206,1947412,5,0
2207,1948026,5,0
2208,1948641,5,0
2209,1949255,5,0
2210,1949869,5,0
2211,1950483,5,0
2212,1951097,5,0
2213,1951712,5,0
2214,1952326,5,0
2215,1952940,5,0
2216,1953554,5,0
2217,1954169,5,0
2218,1954783,5,0
2219,1955397,5,0
2220,1956011,5,0
2221,1956626,5,0
2222,1957240,5,0
2223,1957854,5,0
2224,1958468,5,0
2225,1959083,5,0
2226,1959697,5,0
2227,1960311,5,0
2228,1960925,5,0
2229,1961540,5,0
2230,1962154,5,0
2231,1962768,5,0
2232,1963382,5,0
2233,1963996,5,0
2234,1964611,5,0
2235,1965225,5,0
2236,1965839,5,0
2237,1966453,5,0
2238,1967068,5,0
2239,1967682,5,0
2240,1968296,5,0
2241,1968910,5,0
2242,1969525,5,0
2243,1970139,5,0
2244,1970753,5,0
2245,1971367,5,0
2246,1971982,5,0
2247,1972596,5,0
2248,1973210,5,0
2249,1973824,5,0
2250,1974438,5,0
2251,1975053,5,0
2252,1975667,5,0
2253,1976281,5,0
2254,1976895,5,0
2255,1977510,5,0
2256,1978124,5,0
2257,1978738,5,0
2258,1979352,5,0
2259,1979967,5,0
2260,1980581,5,0
2261,1981195,5,0
2262,1981809,5,0
2263,1982424,5,0
2264,1983038,5,0
2265,1983652,5,0
2266,1984266,5,0
2267,1984881,5,0
2268,1985495,5,0
2269,1986109,5,0
2270,1986723,5,0
2271,1987337,5,0
2272,1987952,5,0
2273,1988566,5,0
2274,1989180,5,0
2275,1989794,5,0
2276,1990409,5,0
2277,1991023,5,0
2278,1991637,5,0
2279,1992251,5,0
2280,1992866,5,0
2281,1993480,5,0
2282,1994094,5,0
2283,1994708,5,0
2284,1997097,1,0
2285,1997711,1,0
2286,1998326,1,0
2287,1998940,1,0
2288,1999554,1,0
2289,2000168,1,0
2290,2000783,1,0
2291,2001397,1,0
2292,2002011,1,0
2293,2002625,1,0
2294,2003239,1,0
2295,2003854,1,0
2296,2004468,1,0
2297,2005082,1,0
2298,2005696,1,0
2299,2006311,2,0
2300,2006925,1,0
2301,2007539,1,0
2302,2008153,1,0
2303,2008768,1,0
2304,2009382,1,0
2305,2009996,1,0
2306,2010610,1,0
2307,2011225,1,0
2308,2011839,1,0
2309,2012453,1,0
2310,2013067,2,0
2311,2013682,1,0
2312,2014296,1,0
2313,2014910,1,0
2314,2015524,1,0
2315,2016138,1,0
2316,2016753,1,0
2317,2017367,1,0
2318,2017981,1,0
2319,2018595,1,0
2320,2019210,1,0
2321,2019824,1,0
2322,2020438,1,0
2323,2021052,1,0
2324,2021667,2,0
2325,2022281,1,0
2326,2022895,1,0
2327,2023509,1,0
2328,2024124,1,0
2329,2024738,1,0
2330,2025352,1,0
2331,2025966,1,0
2332,2026580,1,0
2333,2027195,2,0
2334,2027809,1,0
2335,2028423,1,0
2336,2029037,1,0
2337,2029652,1,0
2338,2030266,1,0
2339,2030880,1,0
2340,2031494,1,0
2341,2032109,1,0
2342,2032723,1,0
2343,2033337,1,0
2344,2033951,1,0
2345,2034566,1,0
2346,2035180,1,0
2347,2035794,1,0
2348,2036408,1,0
2349,2037023,1,0
2350,2037637,2,0
2351,2038251,1,0
2352,2038865,1,0
2353,2039479,1,0
2354,2040094,1,0
2355,2040708,1,0
2356,2041322,1,0
2357,2041936,1,0
2358,2042551,1,0
2359,2043165,1,0
2360,2043779,2,0
2361,2044393,1,0
2362,2045008,1,0
2363,2045622,1,0
2364,2046236,1,0
2365,2046850,1,0
2366,2047465,1,0
2367,2048079,1,0
2368,2048693,1,0
2369,2049307,1,0
2370,2049922,1,0
2371,2050536,1,0
2372,2051150,1,0
2373,2051764,1,0
2374,2052378,1,0
2375,2052993,1,0
2376,2053607,1,0
2377,2054221,1,0
2378,2054835,1,0
2379,2055450,2,0
2380,2056064,1,0
2381,2056678,1,0
2382,2057292,1,0
2383,2057907,1,0
2384,2067547,1,0
2385,2068161,1,0
2386,2068775,1,0
2387,2069389,1,0
2388,2070004,1,0
2389,2070618,1,0
2390,2071232,1,0
2391,2071846,1,0
2392,2072461,2,0
2393,2073075,1,0
2394,2073689,1,0
2395,2074303,1,0
2396,2074918,1,0
2397,2075532,1,0
2398,2076146,1,0
2399,2076760,1,0
2400,2077375,1,0
2401,2077989,1,0
2402,2078603,1,0
2403,2079217,1,0
2404,2079832,1,0
2405,2080446,1,0
2406,2081060,1,0
2407,2081674,1,0
2408,2082288,1,0
2409,2082903,1,0
2410,2083517,2,0
2411,2084131,1,0
2412,2084745,1,0
2413,2085360,1,0
2414,2085974,1,0
2415,2086588,1,0
2416,2087202,1,0
2417,2087817,1,0
2418,2088431,1,0
2419,2089045,1,0
2420,2089659,1,0
2421,2090274,1,0
2422,2090888,1,0
2423,2091502,1,0
2424,2092116,1,0
2425,2092731,1,0
2426,2093345,1,0
2427,2093959,1,0
2428,2094573,2,0
2429,2095187,1,0
2430,2095802,1,0
2431,2096416,1,0
2432,2097030,1,0
2433,2097644,1,0
2434,2098259,1,0
2435,2098873,1,0
2436,2099487,1,0
2437,2100101,2,0
2438,2100716,1,0
2439,2101330,1,0
2440,2101944,1,0
2441,2102558,1,0
2442,2103173,1,0
2443,2103787,1,0
2444,2104401,1,0
2445,2105015,1,0
2446,2105630,1,0
2447,2106244,2,0
2448,2106858,1,0
2449,2107472,1,0
2450,2108086,1,0
2451,2108701,1,0
2452,2109315,1,0
2453,2109929,1,0
2454,2110543,1,0
2455,2111158,1,0
2456,2111772,1,0
2457,2112386,1,0
2458,2113000,1,0
2459,2113615,1,0
2460,2114229,1,0
2461,2114843,1,0
2462,2115457,1,0
2463,2116072,1,0
2464,2116686,1,0
2465,2117300,2,0
2466,2117914,1,0
2467,2118529,1,0
2468,2119143,1,0
2469,2119757,1,0
2470,2120371,1,0
2471,2120985,1,0
2472,2121600,1,0
2473,2122214,1,0
2474,2122828,1,0
2475,2123442,1,0
2476,2124057,1,0
2477,2124671,1,0
2478,2125285,1,0
2479,2125899,1,0
2480,2126514,1,0
2481,2127128,1,0
2482,2127742,2,0
2483,2128356,1,0
2484,2137877,1,0
2485,2138491,1,0
2486,2139105,1,0
2487,2139720,1,0
2488,2140334,1,0
2489,2140948,1,0
2490,2141562,1,0
2491,2142177,1,0
2492,2142791,1,0
2493,2143405,1,0
2494,2144019,1,0
2495,2144634,1,0
2496,2145248,1,0
2497,2145862,1,0
2498,2146476,1,0
2499,2147091,1,0
2500,2147705,2,0
2501,2148319,1,0
2502,2148933,1,0
2503,2149548,1,0
2504,2150162,1,0
2505,2150776,1,0
2506,2151390,1,0
2507,2152005,1,0
2508,2152619,1,0
2509,2153233,1,0
2510,2153847,1,0
2511,2154461,1,0
2512,2155076,1,0
2513,2155690,1,0
2514,2156304,2,0
2515,2156918,1,0
2516,2157533,1,0
2517,2158147,1,0
2518,2158761,1,0
2519,2159375,1,0
2520,2159990,1,0
2521,2160604,1,0
2522,2161218,1,0
2523,2161832,2,0
2524,2162447,1,0
2525,2163061,1,0
2526,2163675,1,0
2527,2164289,1,0
2528,2164903,1,0
2529,2165518,1,0
2530,2166132,1,0
2531,2166746,1,0
2532,2167360,1,0
2533,2167975,1,0
2534,2168589,1,0
2535,2169203,1,0
2536,2169817,1,0
2537,2170432,2,0
2538,2171046,1,0
2539,2171660,1,0
2540,2172274,1,0
2541,2172889,1,0
2542,2173503,1,0
2543,2174117,1,0
2544,2174731,1,0
2545,2175346,1,0
2546,2175960,1,0
2547,2176574,1,0
2548,2177188,1,0
2549,2177802,1,0
2550,2178417,1,0
2551,2179031,1,0
2552,2179645,1,0
2553,2180259,1,0
2554,2180874,2,0
2555,2181488,1,0
2556,2182102,1,0
2557,2182716,1,0
2558,2183331,1,0
2559,2183945,1,0
2560,2184559,1,0
2561,2185173,1,0
2562,2185788,1,0
2563,2186402,1,0
2564,2187016,1,0
2565,2187630,1,0
2566,2188245,1,0
2567,2188859,1,0
2568,2189473,1,0
2569,2190087,1,0
2570,2190701,2,0
2571,2191316,1,0
2572,2191930,1,0
2573,2192544,1,0
2574,2193158,1,0
2575,2193773,1,0
2576,2194387,1,0
2577,2195001,1,0
2578,2195615,1,0
2579,2196230,1,0
2580,2196844,1,0
2581,2197458,2,0
2582,2198072,1,0
2583,2198687,1,0
2584,2210511,1,0
2585,2211125,1,0
2586,2211739,1,0
2587,2212353,1,0
2588,2212968,1,0
2589,2213582,1,0
2590,2214196,1,0
2591,2214810,1,0
2592,2215425,1,0
2593,2216039,1,0
2594,2216653,1,0
2595,2217267,1,0
2596,2217881,1,0
2597,2218496,1,0
2598,2219110,2,0
2599,2219724,1,0
2600,2220338,1,0
2601,2220953,1,0
2602,2221567,1,0
2603,2222181,1,0
2604,2222795,1,0
2605,2223410,1,0
2606,2224024,1,0
2607,2224638,1,0
2608,2225252,1,0
2609,2225867,1,0
2610,2226481,1,0
2611,2227095,1,0
2612,2227709,1,0
2613,2228324,1,0
2614,2228938,2,0
2615,2229552,1,0
2616,2230166,1,0
2617,2230780,1,0
2618,2231395,1,0
2619,2232009,1,0
2620,2232623,1,0
2621,2233237,1,0
2622,2233852,1,0
2623,2234466,1,0
2624,2235080,1,0
2625,2235694,1,0
2626,2236309,1,0
2627,2236923,1,0
2628,2237537,1,0
2629,2238151,2,0
2630,2238766,1,0
2631,2239380,1,0
2632,2239994,1,0
2633,2240608,1,0
2634,2241223,1,0
2635,2241837,1,0
2636,2242451,1,0
2637,2243065,1,0
2638,2243680,1,0
2639,2244294,2,0
2640,2244908,1,0
2641,2245522,1,0
2642,2246136,1,0
2643,2246751,1,0
2644,2247365,1,0
2645,2247979,1,0
2646,2248593,1,0
2647,2249208,1,0
2648,2249822,1,0
2649,2250436,1,0
2650,2251050,2,0
2651,2251665,1,0
2652,2252279,1,0
2653,2252893,1,0
2654,2253507,1,0
2655,2254122,1,0
2656,2254736,1,0
2657,2255350,1,0
2658,2255964,1,0
2659,2256579,1,0
2660,2257193,1,0
2661,2257807,1,0
2662,2258421,1,0
2663,2259035,1,0
2664,2259650,1,0
2665,2260264,1,0
2666,2260878,1,0
2667,2261492,2,0
2668,2262107,1,0
2669,2262721,1,0
2670,2263335,1,0
2671,2263949,1,0
2672,2264564,1,0
2673,2265178,1,0
2674,2265792,1,0
2675,2266406,1,0
2676,2267021,1,0
2677,2267635,1,0
2678,2268249,1,0
2679,2268863,1,0
2680,2269478,1,0
2681,2270092,1,0
2682,2270706,2,0
2683,2271320,1,0
2684,2283366,1,0
2685,2283980,1,0
2686,2284595,1,0
2687,2285209,1,0
2688,2285823,1,0
2689,2286437,1,0
2690,2287052,1,0
2691,2287666,1,0
2692,2288280,1,0
2693,2288894,1,0
2694,2289508,2,0
2695,2290123,1,0
2696,2290737,1,0
2697,2291351,1,0
2698,2291965,1,0
2699,2292580,1,0
2700,2293194,1,0
2701,2293808,1,0
2702,2294422,1,0
2703,2295037,2,0
2704,2295651,1,0
2705,2296265,1,0
2706,2296879,1,0
2707,2297494,1,0
2708,2298108,1,0
2709,2298722,1,0
2710,2299336,1,0
2711,2299951,1,0
2712,2300565,1,0
2713,2301179,1,0
2714,2301793,1,0
2715,2302407,1,0
2716,2303022,1,0
2717,2303636,1,0
2718,2304250,1,0
2719,2304864,1,0
2720,2305479,1,0
2721,2306093,1,0
2722,2306707,2,0
2723,2307321,1,0
2724,2307936,1,0
2725,2308550,1,0
2726,2309164,1,0
2727,2309778,1,0
2728,2310393,1,0
2729,2311007,1,0
2730,2311621,1,0
2731,2312235,1,0
2732,2312850,1,0
2733,2313464,1,0
2734,2314078,1,0
2735,2314692,1,0
2736,2315306,1,0
2737,2315921,1,0
2738,2316535,1,0
2739,2317149,1,0
2740,2317763,2,0
2741,2318378,1,0
2742,2318992,1,0
2743,2319606,1,0
2744,2320220,1,0
2745,2320835,1,0
2746,2321449,1,0
2747,2322063,1,0
2748,2322677,1,0
2749,2323292,1,0
2750,2323906,1,0
2751,2324520,1,0
2752,2325134,2,0
2753,2325749,1,0
2754,2326363,1,0
2755,2326977,1,0
2756,2327591,1,0
2757,2328205,1,0
2758,2328820,1,0
2759,2329434,1,0
2760,2330048,1,0
2761,2330662,1,0
2762,2331277,2,0
2763,2331891,1,0
2764,2332505,1,0
2765,2333119,1,0
2766,2333734,1,0
2767,2334348,1,0
2768,2334962,1,0
2769,2335576,1,0
2770,2336191,1,0
2771,2336805,1,0
2772,2337419,1,0
2773,2338033,1,0
2774,2338648,1,0
2775,2339262,2,0
2776,2339876,1,0
2777,2340490,1,0
2778,2341104,1,0
2779,2341719,1,0
2780,2342333,1,0
2781,2342947,1,0
2782,2343561,1,0
2783,2344176,1,0
2784,2354089,1,0
2785,2354703,1,0
2786,2355317,1,0
2787,2355931,1,0
2788,2356546,1,0
2789,2357160,1,0
2790,2357774,1,0
2791,2358388,1,0
2792,2359003,2,0
2793,2359617,1,0
2794,2360231,1,0
2795,2360845,1,0
2796,2361460,1,0
2797,2362074,1,0
2798,2362688,1,0
2799,2363302,1,0
2800,2363917,1,0
2801,2364531,1,0
2802,2365145,1,0
2803,2365759,1,0
2804,2366374,1,0
2805,2366988,1,0
2806,2367602,2,0
2807,2368216,1,0
2808,2368830,1,0
2809,2369445,1,0
2810,2370059,1,0
2811,2370673,1,0
2812,2371287,1,0
2813,2371902,1,0
2814,2372516,1,0
2815,2373130,1,0
2816,2373744,1,0
2817,2374359,1,0
2818,2374973,1,0
2819,2375587,1,0
2820,2376201,2,0
2821,2376816,1,0
2822,2377430,1,0
2823,2378044,1,0
2824,2378658,1,0
2825,2379273,1,0
2826,2379887,1,0
2827,2380501,1,0
2828,2381115,1,0
2829,2381730,1,0
2830,2382344,1,0
2831,2382958,1,0
2832,2383572,1,0
2833,2384186,1,0
2834,2384801,1,0
2835,2385415,1,0
2836,2386029,2,0
2837,2386643,1,0
2838,2387258,1,0
2839,2387872,1,0
2840,2388486,1,0
2841,2389100,1,0
2842,2389715,1,0
2843,2390329,1,0
2844,2390943,1,0
2845,2391557,1,0
2846,2392172,1,0
2847,2392786,1,0
2848,2393400,1,0
2849,2394014,1,0
2850,2394628,2,0
2851,2395243,1,0
2852,2395857,1,0
2853,2396471,1,0
2854,2397085,1,0
2855,2397700,1,0
2856,2398314,1,0
2857,2398928,1,0
2858,2399542,1,0
2859,2400157,1,0
2860,2400771,1,0
2861,2401385,1,0
2862,2401999,1,0
2863,2402614,1,0
2864,2403228,1,0
2865,2403842,2,0
2866,2404456,1,0
2867,2405071,1,0
2868,2405685,1,0
2869,2406299,1,0
2870,2406913,1,0
2871,2407527,1,0
2872,2408142,1,0
2873,2408756,1,0
2874,2409370,1,0
2875,2409984,1,0
2876,2410599,1,0
2877,2411213,1,0
2878,2411827,1,0
2879,2412441,1,0
2880,2413056,1,0
2881,2413670,1,0
2882,2414284,2,0
2883,2414898,1,0
2884,2426757,1,0
2885,2427371,1,0
2886,2427985,1,0
2887,2428599,1,0
2888,2429214,1,0
2889,2429828,1,0
2890,2430442,1,0
2891,2431056,1,0
2892,2431670,1,0
2893,2432285,1,0
2894,2432899,1,0
2895,2433513,1,0
2896,2434127,1,0
2897,2434742,1,0
2898,2435356,2,0
2899,2435970,1,0
2900,2436584,1,0
2901,2437199,1,0
2902,2437813,1,0
2903,2438427,1,0
2904,2439041,1,0
2905,2439656,1,0
2906,2440270,1,0
2907,2440884,1,0
2908,2441498,1,0
2909,2442112,1,0
2910,2442727,1,0
2911,2443341,1,0
2912,2443955,1,0
2913,2444569,1,0
2914,2445184,1,0
2915,2445798,2,0
2916,2446412,1,0
2917,2447026,1,0
2918,2447641,1,0
2919,2448255,1,0
2920,2448869,1,0
2921,2449483,1,0
2922,2450098,1,0
2923,2450712,1,0
2924,2451326,1,0
2925,2451940,2,0
2926,2452555,1,0
2927,2453169,1,0
2928,2453783,1,0
2929,2454397,1,0
2930,2455011,1,0
2931,2455626,1,0
2932,2456240,1,0
2933,2456854,1,0
2934,2457468,2,0
2935,2458083,1,0
2936,2458697,1,0
2937,2459311,1,0
2938,2459925,1,0
2939,2460540,1,0
2940,2461154,1,0
2941,2461768,1,0
2942,2462382,1,0
2943,2462997,1,0
2944,2463611,2,0
2945,2464225,1,0
2946,2464839,1,0
2947,2465454,1,0
2948,2466068,1,0
2949,2466682,1,0
2950,2467296,1,0
2951,2467910,1,0
2952,2468525,1,0
2953,2469139,1,0
2954,2469753,1,0
2955,2470367,1,0
2956,2470982,1,0
2957,2471596,1,0
2958,2472210,1,0
2959,2472824,1,0
2960,2473439,1,0
2961,2474053,2,0
2962,2474667,1,0
2963,2475281,1,0
2964,2475896,1,0
2965,2476510,1,0
2966,2477124,1,0
2967,2477738,1,0
2968,2478353,1,0
2969,2478967,1,0
2970,2479581,1,0
2971,2480195,1,0
2972,2480809,1,0
2973,2481424,1,0
2974,2482038,1,0
2975,2482652,1,0
2976,2483266,1,0
2977,2483881,1,0
2978,2484495,1,0
2979,2485109,1,0
2980,2485723,2,0
2981,2486338,1,0
2982,2486952,1,0
2983,2487566,1,0
2984,2500277,1,0
2985,2500892,1,0
2986,2501506,1,0
2987,2502120,1,0
2988,2502734,1,0
2989,2503349,1,0
2990,2503963,1,0
2991,2504577,1,0
2992,2505191,1,0
2993,2505806,1,0
2994,2506420,1,0
2995,2507034,2,0
2996,2507648,1,0
2997,2508262,1,0
2998,2508877,1,0
2999,2509491,1,0
3000,2510105,1,0
3001,2510719,1,0
3002,2511334,1,0
3003,2511948,1,0
3004,2512562,1,0
3005,2513176,2,0
3006,2513791,1,0
3007,2514405,1,0
3008,2515019,1,0
3009,2515633,1,0
3010,2516248,1,0
3011,2516862,1,0
3012,2517476,1,0
3013,2518090,1,0
3014,2518705,1,0
3015,2519319,1,0
3016,2519933,1,0
3017,2520547,1,0
3018,2521162,1,0
3019,2521776,1,0
3020,2522390,1,0
3021,2523004,2,0
3022,2523618,1,0
3023,2524233,1,0
3024,2524847,1,0
3025,2525461,1,0
3026,2526075,1,0
3027,2526690,1,0
3028,2527304,1,0
3029,2527918,1,0
3030,2528532,1,0
3031,2529147,1,0
3032,2529761,1,0
3033,2530375,1,0
3034,2530989,1,0
3035,2531604,1,0
3036,2532218,1,0
3037,2532832,1,0
3038,2533446,1,0
3039,2534061,2,0
3040,2534675,1,0
3041,2535289,1,0
3042,2535903,1,0
3043,2536517,1,0
3044,2537132,1,0
3045,2537746,1,0
3046,2538360,1,0
3047,2538974,1,0
3048,2539589,1,0
3049,2540203,2,0
3050,2540817,1,0
3051,2541431,1,0
3052,2542046,1,0
3053,2542660,1,0
3054,2543274,1,0
3055,2543888,1,0
3056,2544503,1,0
3057,2545117,1,0
3058,2545731,1,0
3059,2546345,1,0
3060,2546960,1,0
3061,2547574,2,0
3062,2548188,1,0
3063,2548802,1,0
3064,2549416,1,0
3065,2550031,1,0
3066,2550645,1,0
3067,2551259,1,0
3068,2551873,1,0
3069,2552488,1,0
3070,2553102,1,0
3071,2553716,1,0
3072,2554330,1,0
3073,2554945,1,0
3074,2555559,1,0
3075,2556173,1,0
3076,2556787,1,0
3077,2557402,2,0
3078,2558016,1,0
3079,2558630,1,0
3080,2559244,1,0
3081,2559859,1,0
3082,2560473,1,0
3083,2561087,1,0
3084,2570915,1,0
3085,2571529,1,0
3086,2572143,1,0
3087,2572757,1,0
3088,2573372,1,0
3089,2573986,1,0
3090,2574600,1,0
3091,2575214,1,0
3092,2575829,1,0
3093,2576443,1,0
3094,2577057,1,0
3095,2577671,1,0
3096,2578286,1,0
3097,2578900,1,0
3098,2579514,1,0
3099,2580128,1,0
3100,2580743,2,0
3101,2581357,1,0
3102,2581971,1,0
3103,2582585,1,0
3104,2583200,1,0
3105,2583814,1,0
3106,2584428,1,0
3107,2585042,1,0
3108,2585657,1,0
3109,2586271,1,0
3110,2586885,1,0
3111,2587499,1,0
3112,2588113,1,0
3113,2588728,2,0
3114,2589342,1,0
3115,2589956,1,0
3116,2590570,1,0
3117,2591185,1,0
3118,2591799,1,0
3119,2592413,1,0
3120,2593027,1,0
3121,2593642,1,0
3122,2594256,1,0
3123,2594870,1,0
3124,2595484,1,0
3125,2596099,1,0
3126,2596713,2,0
3127,2597327,1,0
3128,2597941,1,0
3129,2598555,1,0
3130,2599170,1,0
3131,2599784,1,0
3132,2600398,1,0
3133,2601012,1,0
3134,2601627,1,0
3135,2602241,1,0
3136,2602855,1,0
3137,2603469,1,0
3138,2604084,2,0
3139,2604698,1,0
3140,2605312,1,0
3141,2605926,1,0
3142,2606541,1,0
3143,2607155,1,0
3144,2607769,1,0
3145,2608383,1,0
3146,2608998,1,0
3147,2609612,1,0
3148,2610226,1,0
3149,2610840,1,0
3150,2611455,1,0
3151,2612069,1,0
3152,2612683,2,0
3153,2613297,1,0
3154,2613911,1,0
3155,2614526,1,0
3156,2615140,1,0
3157,2615754,1,0
3158,2616368,1,0
3159,2616983,1,0
3160,2617597,1,0
3161,2618211,1,0
3162,2618825,1,0
3163,2619440,1,0
3164,2620054,1,0
3165,2620668,1,0
3166,2621282,1,0
3167,2621897,1,0
3168,2622511,1,0
3169,2623125,1,0
3170,2623739,1,0
3171,2624353,2,0
3172,2624968,1,0
3173,2625582,1,0
3174,2626196,1,0
3175,2626810,1,0
3176,2627425,1,0
3177,2628039,1,0
3178,2628653,1,0
3179,2629267,1,0
3180,2629882,1,0
3181,2630496,1,0
3182,2631110,2,0
3183,2631724,1,0
3184,2643020,1,0
3185,2643634,1,0
3186,2644248,1,0
3187,2644862,1,0
3188,2645476,1,0
3189,2646091,1,0
3190,2646705,1,0
3191,2647319,1,0
3192,2647933,1,0
3193,2648548,1,0
3194,2649162,2,0
3195,2649776,1,0
3196,2650390,1,0
3197,2651005,1,0
3198,2651619,1,0
3199,2652233,1,0
3200,2652847,1,0
3201,2653462,1,0
3202,2654076,1,0
3203,2654690,1,0
3204,2655304,1,0
3205,2655919,1,0
3206,2656533,1,0
3207,2657147,1,0
3208,2657761,1,0
3209,2658375,2,0
3210,2658990,1,0
3211,2659604,1,0
3212,2660218,1,0
3213,2660832,1,0
3214,2661447,1,0
3215,2662061,1,0
3216,2662675,1,0
3217,2663289,1,0
3218,2663904,1,0
3219,2664518,1,0
3220,2665132,1,0
3221,2665746,2,0
3222,2666361,1,0
3223,2666975,1,0
3224,2667589,1,0
3225,2668203,1,0
3226,2668818,1,0
3227,2669432,1,0
3228,2670046,1,0
3229,2670660,1,0
3230,2671274,1,0
3231,2671889,1,0
3232,2672503,1,0
3233,2673117,1,0
3234,2673731,1,0
3235,2674346,1,0
3236,2674960,1,0
3237,2675574,2,0
3238,2676188,1,0
3239,2676803,1,0
3240,2677417,1,0
3241,2678031,1,0
3242,2678645,1,0
3243,2679260,1,0
3244,2679874,1,0
3245,2680488,1,0
3246,2681102,1,0
3247,2681716,1,0
3248,2682331,1,0
3249,2682945,1,0
3250,2683559,1,0
3251,2684173,2,0
3252,2684788,1,0
3253,2685402,1,0
3254,2686016,1,0
3255,2686630,1,0
3256,2687245,1,0
3257,2687859,1,0
3258,2688473,1,0
3259,2689087,1,0
3260,2689702,1,0
3261,2690316,1,0
3262,2690930,1,0
3263,2691544,1,0
3264,2692159,1,0
3265,2692773,1,0
3266,2693387,1,0
3267,2694001,1,0
3268,2694615,2,0
3269,2695230,1,0
3270,2695844,1,0
3271,2696458,1,0
3272,2697072,1,0
3273,2697687,1,0
3274,2698301,1,0
3275,2698915,1,0
3276,2699529,1,0
3277,2700144,1,0
3278,2700758,1,0
3279,2701372,2,0
3280,2701986,1,0
3281,2702601,1,0
3282,2703215,1,0
3283,2703829,1,0
3284,2714237,1,0
3285,2714851,1,0
3286,2715465,1,0
3287,2716080,1,0
3288,2716694,1,0
3289,2717308,1,0
3290,2717922,1,0
3291,2718537,1,0
3292,2719151,1,0
3293,2719765,1,0
3294,2720379,1,0
3295,2720994,1,0
3296,2721608,1,0
3297,2722222,1,0
3298,2722836,1,0
3299,2723451,1,0
3300,2724065,1,0
3301,2724679,2,0
3302,2725293,1,0
3303,2725907,1,0
3304,2726522,1,0
3305,2727136,1,0
3306,2727750,1,0
3307,2728364,1,0
3308,2728979,1,0
3309,2729593,1,0
3310,2730207,1,0
3311,2730821,1,0
3312,2731436,1,0
3313,2732050,1,0
3314,2732664,1,0
3315,2733278,1,0
3316,2733893,1,0
3317,2734507,1,0
3318,2735121,1,0
3319,2735735,2,0
3320,2736350,1,0
3321,2736964,1,0
3322,2737578,1,0
3323,2738192,1,0
3324,2738806,1,0
3325,2739421,1,0
3326,2740035,1,0
3327,2740649,1,0
3328,2741263,2,0
3329,2741878,1,0
3330,2742492,1,0
3331,2743106,1,0
3332,2743720,1,0
3333,2744335,1,0
3334,2744949,1,0
3335,2745563,1,0
3336,2746177,1,0
3337,2746792,1,0
3338,2747406,1,0
3339,2748020,1,0
3340,2748634,1,0
3341,2749249,2,0
3342,2749863,1,0
3343,2750477,1,0
3344,2751091,1,0
3345,2751706,1,0
3346,2752320,1,0
3347,2752934,1,0
3348,2753548,1,0
3349,2754162,1,0
3350,2754777,1,0
3351,2755391,1,0
3352,2756005,2,0
3353,2756619,1,0
3354,2757234,1,0
3355,2757848,1,0
3356,2758462,1,0
3357,2759076,1,0
3358,2759691,1,0
3359,2760305,1,0
3360,2760919,1,0
3361,2761533,1,0
3362,2762148,1,0
3363,2762762,1,0
3364,2763376,1,0
3365,2763990,1,0
3366,2764605,2,0
3367,2765219,1,0
3368,2765833,1,0
3369,2766447,1,0
3370,2767061,1,0
3371,2767676,1,0
3372,2768290,1,0
3373,2768904,1,0
3374,2769518,1,0
3375,2770133,1,0
3376,2770747,1,0
3377,2771361,1,0
3378,2771975,1,0
3379,2772590,1,0
3380,2773204,1,0
3381,2773818,1,0
3382,2774432,2,0
3383,2775047,1,0
3384,2786768,1,0
3385,2787382,1,0
3386,2787997,1,0
3387,2788611,1,0
3388,2789225,1,0
3389,2789839,1,0
3390,2790454,1,0
3391,2791068,1,0
3392,2791682,1,0
3393,2792296,1,0
3394,2792911,2,0
3395,2793525,1,0
3396,2794139,1,0
3397,2794753,1,0
3398,2795368,1,0
3399,2795982,1,0
3400,2796596,1,0
3401,2797210,1,0
3402,2797825,1,0
3403,2798439,1,0
3404,2799053,1,0
3405,2799667,1,0
3406,2800282,1,0
3407,2800896,1,0
3408,2801510,1,0
3409,2802124,1,0
3410,2802738,1,0
3411,2803353,1,0
3412,2803967,1,0
3413,2804581,2,0
3414,2805195,1,0
3415,2805810,1,0
3416,2806424,1,0
3417,2807038,1,0
3418,2807652,1,0
3419,2808267,1,0
3420,2808881,1,0
3421,2809495,1,0
3422,2810109,1,0
3423,2810724,1,0
3424,2811338,1,0
3425,2811952,2,0
3426,2812566,1,0
3427,2813180,1,0
3428,2813795,1,0
3429,2814409,1,0
3430,2815023,1,0
3431,2815637,1,0
3432,2816252,1,0
3433,2816866,1,0
3434,2817480,2,0
3435,2818094,1,0
3436,2818709,1,0
3437,2819323,1,0
3438,2819937,1,0
3439,2820551,1,0
3440,2821166,1,0
3441,2821780,1,0
3442,2822394,1,0
3443,2823008,2,0
3444,2823623,1,0
3445,2824237,1,0
3446,2824851,1,0
3447,2825465,1,0
3448,2826079,1,0
3449,2826694,1,0
3450,2827308,1,0
3451,2827922,1,0
3452,2828536,1,0
3453,2829151,1,0
3454,2829765,1,0
3455,2830379,1,0
3456,2830993,1,0
3457,2831608,1,0
3458,2832222,1,0
3459,2832836,1,0
3460,2833450,2,0
3461,2834065,1,0
3462,2834679,1,0
3463,2835293,1,0
3464,2835907,1,0
3465,2836522,1,0
3466,2837136,1,0
3467,2837750,1,0
3468,2838364,1,0
3469,2838978,1,0
3470,2839593,1,0
3471,2840207,1,0
3472,2840821,1,0
3473,2841435,1,0
3474,2842050,2,0
3475,2842664,1,0
3476,2843278,1,0
3477,2843892,1,0
3478,2844507,1,0
3479,2845121,1,0
3480,2845735,1,0
3481,2846349,1,0
3482,2846964,1,0
3483,2847578,1,0
3484,2858054,1,0
3485,2858668,1,0
3486,2859282,1,0
3487,2859897,1,0
3488,2860511,1,0
3489,2861125,1,0
3490,2861739,1,0
3491,2862354,1,0
3492,2862968,1,0
3493,2863582,1,0
3494,2864196,1,0
3495,2864811,1,0
3496,2865425,2,0
3497,2866039,1,0
3498,2866653,1,0
3499,2867268,1,0
3500,2867882,1,0
3501,2868496,1,0
3502,2869110,1,0
3503,2869725,1,0
3504,2870339,1,0
3505,2870953,2,0
3506,2871567,1,0
3507,2872181,1,0
3508,2872796,1,0
3509,2873410,1,0
3510,2874024,1,0
3511,2874638,1,0
3512,2875253,1,0
3513,2875867,1,0
3514,2876481,1,0
3515,2877095,1,0
3516,2877710,1,0
3517,2878324,1,0
3518,2878938,1,0
3519,2879552,1,0
3520,2880167,2,0
3521,2880781,1,0
3522,2881395,1,0
3523,2882009,1,0
3524,2882624,1,0
3525,2883238,1,0
3526,2883852,1,0
3527,2884466,1,0
3528,2885080,1,0
3529,2885695,1,0
3530,2886309,1,0
3531,2886923,1,0
3532,2887537,1,0
3533,2888152,1,0
3534,2888766,2,0
3535,2889380,1,0
3536,2889994,1,0
3537,2890609,1,0
3538,2891223,1,0
3539,2891837,1,0
3540,2892451,1,0
3541,2893066,1,0
3542,2893680,1,0
3543,2894294,1,0
3544,2894908,1,0
3545,2895523,1,0
3546,2896137,1,0
3547,2896751,1,0
3548,2897365,1,0
3549,2897979,2,0
3550,2898594,1,0
3551,2899208,1,0
3552,2899822,1,0
3553,2900436,1,0
3554,2901051,1,0
3555,2901665,1,0
3556,2902279,1,0
3557,2902893,1,0
3558,2903508,2,0
3559,2904122,1,0
3560,2904736,1,0
3561,2905350,1,0
3562,2905965,1,0
3563,2906579,1,0
3564,2907193,1,0
3565,2907807,1,0
3566,2908422,1,0
3567,2909036,1,0
3568,2909650,1,0
3569,2910264,1,0
3570,2910878,1,0
3571,2911493,1,0
3572,2912107,1,0
3573,2912721,1,0
3574,2913335,1,0
3575,2913950,2,0
3576,2914564,1,0
3577,2915178,1,0
3578,2915792,1,0
3579,2916407,1,0
3580,2917021,1,0
3581,2917635,1,0
3582,2918249,1,0
3583,2918864,1,0
3584,2949883,1,0
3585,2950497,1,0
3586,2951111,1,0
3587,2951725,1,0
3588,2952340,1,0
3589,2952954,1,0
3590,2953568,1,0
3591,2954182,1,0
3592,2954796,1,0
3593,2955411,1,0
3594,2956025,1,0
3595,2956639,1,0
3596,2957253,2,0
3597,2957868,1,0
3598,2958482,1,0
3599,2959096,1,0
3600,2959710,1,0
3601,2960325,1,0
3602,2960939,1,0
3603,2961553,1,0
3604,2962167,1,0
3605,2962782,1,0
3606,2963396,1,0
3607,2964010,2,0
3608,2964624,1,0
3609,2965239,1,0
3610,2965853,1,0
3611,2966467,1,0
3612,2967081,1,0
3613,2967695,1,0
3614,2968310,1,0
3615,2968924,1,0
3616,2969538,2,0
3617,2970152,1,0
3618,2970767,1,0
3619,2971381,1,0
3620,2971995,1,0
3621,2972610,1,0
3622,2973224,1,0
3623,2973838,1,0
3624,2974452,1,0
3625,2975066,1,0
3626,2975681,1,0
3627,2976295,1,0
3628,2976909,1,0
3629,2977523,1,0
3630,2978138,1,0
3631,2978752,1,0
3632,2979366,1,0
3633,2979980,1,0
3634,2980594,2,0
3635,2981209,1,0
3636,2981823,1,0
3637,2982437,1,0
3638,2983051,1,0
3639,2983666,1,0
3640,2984280,1,0
3641,2984894,1,0
3642,2985508,1,0
3643,2986123,1,0
3644,2986737,1,0
3645,2987351,1,0
3646,2987965,2,0
3647,2988580,1,0
3648,2989194,1,0
3649,2989808,1,0
3650,2990422,1,0
3651,2991036,1,0
3652,2991651,1,0
3653,2992265,1,0
3654,2992879,1,0
3655,2993493,1,0
3656,2994108,1,0
3657,2994722,1,0
3658,2995336,1,0
3659,2995950,1,0
3660,2996565,1,0
3661,2997179,2,0
3662,2997793,1,0
3663,2998407,1,0
3664,2999022,1,0
3665,2999636,1,0
3666,3000250,1,0
3667,3000864,1,0
3668,3001479,1,0
3669,3002093,1,0
3670,3002707,1,0
3671,3003321,1,0
3672,3003936,1,0
3673,3004550,1,0
3674,3005164,1,0
3675,3005778,1,0
3676,3006392,1,0
3677,3007007,1,0
3678,3007621,1,0
3679,3008235,2,0
3680,3008849,1,0
3681,3009464,1,0
3682,3010078,1,0
3683,3010692,1,0
3684,3020878,1,0
3685,3021492,1,0
3686,3022107,1,0
3687,3022721,1,0
3688,3023335,1,0
3689,3023949,1,0
3690,3024564,1,0
3691,3025178,1,0
3692,3025792,1,0
3693,3026406,1,0
3694,3027021,2,0
3695,3027635,1,0
3696,3028249,1,0
3697,3028863,1,0
3698,3029478,1,0
3699,3030092,1,0
3700,3030706,1,0
3701,3031320,1,0
3702,3031935,1,0
3703,3032549,1,0
3704,3033163,2,0
3705,3033777,1,0
3706,3034391,1,0
3707,3035006,1,0
3708,3035620,1,0
3709,3036234,1,0
3710,3036848,1,0
3711,3037463,1,0
3712,3038077,1,0
3713,3038691,1,0
3714,3039305,1,0
3715,3039920,2,0
3716,3040534,1,0
3717,3041148,1,0
3718,3041762,1,0
3719,3042377,1,0
3720,3042991,1,0
3721,3043605,1,0
3722,3044219,1,0
3723,3044834,1,0
3724,3045448,1,0
3725,3046062,1,0
3726,3046676,1,0
3727,3047290,1,0
3728,3047905,1,0
3729,3048519,1,0
3730,3049133,1,0
3731,3049747,1,0
3732,3050362,2,0
3733,3050976,1,0
3734,3051590,1,0
3735,3052204,1,0
3736,3052819,1,0
3737,3053433,1,0
3738,3054047,1,0
3739,3054661,1,0
3740,3055276,1,0
3741,3055890,2,0
3742,3056504,1,0
3743,3057118,1,0
3744,3057733,1,0
3745,3058347,1,0
3746,3058961,1,0
3747,3059575,1,0
3748,3060189,1,0
3749,3060804,1,0
3750,3061418,1,0
3751,3062032,1,0
3752,3062646,1,0
3753,3063261,1,0
3754,3063875,1,0
3755,3064489,1,0
3756,3065103,1,0
3757,3065718,1,0
3758,3066332,1,0
3759,3066946,2,0
3760,3067560,1,0
3761,3068175,1,0
3762,3068789,1,0
3763,3069403,1,0
3764,3070017,1,0
3765,3070632,1,0
3766,3071246,1,0
3767,3071860,1,0
3768,3072474,1,0
3769,3073089,1,0
3770,3073703,1,0
3771,3074317,1,0
3772,3074931,1,0
3773,3075545,1,0
3774,3076160,2,0
3775,3076774,1,0
3776,3077388,1,0
3777,3078002,1,0
3778,3078617,1,0
3779,3079231,1,0
3780,3079845,1,0
3781,3080459,1,0
3782,3081074,1,0
3783,3081688,1,0
3784,3091942,1,0
3785,3092556,1,0
3786,3093171,1,0
3787,3093785,1,0
3788,3094399,1,0
3789,3095013,1,0
3790,3095628,1,0
3791,3096242,1,0
3792,3096856,2,0
3793,3097470,1,0
3794,3098085,1,0
3795,3098699,1,0
3796,3099313,1,0
3797,3099927,1,0
3798,3100542,1,0
3799,3101156,1,0
3800,3101770,1,0
3801,3102384,1,0
3802,3102998,1,0
3803,3103613,1,0
3804,3104227,1,0
3805,3104841,1,0
3806,3105455,1,0
3807,3106070,1,0
3808,3106684,2,0
3809,3107298,1,0
3810,3107912,1,0
3811,3108527,1,0
3812,3109141,1,0
3813,3109755,1,0
3814,3110369,1,0
3815,3110984,1,0
3816,3111598,1,0
3817,3112212,1,0
3818,3112826,1,0
3819,3113441,1,0
3820,3114055,1,0
3821,3114669,1,0
3822,3115283,1,0
3823,3115897,1,0
3824,3116512,1,0
3825,3117126,2,0
3826,3117740,1,0
3827,3118354,1,0
3828,3118969,1,0
3829,3119583,1,0
3830,3120197,1,0
3831,3120811,1,0
3832,3121426,1,0
3833,3122040,1,0
3834,3122654,1,0
3835,3123268,1,0
3836,3123883,1,0
3837,3124497,2,0
3838,3125111,1,0
3839,3125725,1,0
3840,3126339,1,0
3841,3126954,1,0
3842,3127568,1,0
3843,3128182,1,0
3844,3128796,1,0
3845,3129411,1,0
3846,3130025,2,0
3847,3130639,1,0
3848,3131253,1,0
3849,3131868,1,0
3850,3132482,1,0
3851,3133096,1,0
3852,3133710,1,0
3853,3134325,1,0
3854,3134939,1,0
3855,3135553,1,0
3856,3136167,1,0
3857,3136782,2,0
3858,3137396,1,0
3859,3138010,1,0
3860,3138624,1,0
3861,3139238,1,0
3862,3139853,1,0
3863,3140467,1,0
3864,3141081,1,0
3865,3141695,1,0
3866,3142310,1,0
3867,3142924,1,0
3868,3143538,1,0
3869,3144152,1,0
3870,3144767,1,0
3871,3145381,1,0
3872,3145995,1,0
3873,3146609,1,0
3874,3147224,1,0
3875,3147838,2,0
3876,3148452,1,0
3877,3149066,1,0
3878,3149681,1,0
3879,3150295,1,0
3880,3150909,1,0
3881,3151523,1,0
3882,3152137,1,0
3883,3152752,1,0
3884,3163791,1,0
3885,3164405,1,0
3886,3165019,1,0
3887,3165634,1,0
3888,3166248,1,0
3889,3166862,1,0
3890,3167476,1,0
3891,3168091,1,0
3892,3168705,1,0
3893,3169319,1,0
3894,3169933,1,0
3895,3170548,1,0
3896,3171162,1,0
3897,3171776,1,0
3898,3172390,1,0
3899,3173005,1,0
3900,3173619,2,0
3901,3174233,1,0
3902,3174847,1,0
3903,3175461,1,0
3904,3176076,1,0
3905,3176690,1,0
3906,3177304,1,0
3907,3177918,1,0
3908,3178533,1,0
3909,3179147,1,0
3910,3179761,1,0
3911,3180375,1,0
3912,3180990,1,0
3913,3181604,1,0
3914,3182218,2,0
3915,3182832,1,0
3916,3183447,1,0
3917,3184061,1,0
3918,3184675,1,0
3919,3185289,1,0
3920,3185904,1,0
3921,3186518,1,0
3922,3187132,1,0
3923,3187746,1,0
3924,3188360,1,0
3925,3188975,1,0
3926,3189589,1,0
3927,3190203,2,0
3928,3190817,1,0
3929,3191432,1,0
3930,3192046,1,0
3931,3192660,1,0
3932,3193274,1,0
3933,3193889,1,0
3934,3194503,1,0
3935,3195117,1,0
3936,3195731,1,0
3937,3196346,1,0
3938,3196960,1,0
3939,3197574,1,0
3940,3198188,1,0
3941,3198802,2,0
3942,3199417,1,0
3943,3200031,1,0
3944,3200645,1,0
3945,3201259,1,0
3946,3201874,1,0
3947,3202488,1,0
3948,3203102,1,0
3949,3203716,1,0
3950,3204331,1,0
3951,3204945,1,0
3952,3205559,2,0
3953,3206173,1,0
3954,3206788,1,0
3955,3207402,1,0
3956,3208016,1,0
3957,3208630,1,0
3958,3209245,1,0
3959,3209859,1,0
3960,3210473,1,0
3961,3211087,1,0
3962,3211702,1,0
3963,3212316,1,0
3964,3212930,1,0
3965,3213544,1,0
3966,3214158,1,0
3967,3214773,1,0
3968,3215387,2,0
3969,3216001,1,0
3970,3216615,1,0
3971,3217230,1,0
3972,3217844,1,0
3973,3218458,1,0
3974,3219072,1,0
3975,3219687,1,0
3976,3220301,1,0
3977,3220915,1,0
3978,3221529,1,0
3979,3222144,1,0
3980,3222758,1,0
3981,3223372,1,0
3982,3223986,2,0
3983,3224601,1,0
3984,3235298,1,0
3985,3235913,1,0
3986,3236527,1,0
3987,3237141,1,0
3988,3237755,1,0
3989,3238370,1,0
3990,3238984,1,0
3991,3239598,1,0
3992,3240212,1,0
3993,3240827,1,0
3994,3241441,1,0
3995,3242055,1,0
3996,3242669,1,0
3997,3243284,1,0
3998,3243898,1,0
3999,3244512,1,0
4000,3245126,1,0
4001,3245741,2,0
4002,3246355,1,0
4003,3246969,1,0
4004,3247583,1,0
4005,3248197,1,0
4006,3248812,1,0
4007,3249426,1,0
4008,3250040,1,0
4009,3250654,1,0
4010,3251269,1,0
4011,3251883,1,0
4012,3252497,1,0
4013,3253111,1,0
4014,3253726,1,0
4015,3254340,2,0
4016,3254954,1,0
4017,3255568,1,0
4018,3256183,1,0
4019,3256797,1,0
4020,3257411,1,0
4021,3258025,1,0
4022,3258640,1,0
4023,3259254,1,0
4024,3259868,1,0
4025,3260482,1,0
4026,3261096,1,0
4027,3261711,1,0
4028,3262325,1,0
4029,3262939,2,0
4030,3263553,1,0
4031,3264168,1,0
4032,3264782,1,0
4033,3265396,1,0
4034,3266010,1,0
4035,3266625,1,0
4036,3267239,1,0
4037,3267853,1,0
4038,3268467,1,0
4039,3269082,1,0
4040,3269696,2,0
4041,3270310,1,0
4042,3270924,1,0
4043,3271539,1,0
4044,3272153,1,0
4045,3272767,1,0
4046,3273381,1,0
4047,3273995,1,0
4048,3274610,1,0
4049,3275224,1,0
4050,3275838,2,0
4051,3276452,1,0
4052,3277067,1,0
4053,3277681,1,0
4054,3278295,1,0
4055,3278909,1,0
4056,3279524,1,0
4057,3280138,1,0
4058,3280752,1,0
4059,3281366,1,0
4060,3281981,1,0
4061,3282595,1,0
4062,3283209,1,0
4063,3283823,1,0
4064,3284438,1,0
4065,3285052,1,0
4066,3285666,2,0
4067,3286280,1,0
4068,3286894,1,0
4069,3287509,1,0
4070,3288123,1,0
4071,3288737,1,0
4072,3289351,1,0
4073,3289966,1,0
4074,3290580,1,0
4075,3291194,1,0
4076,3291808,1,0
4077,3292423,1,0
4078,3293037,1,0
4079,3293651,1,0
4080,3294265,1,0
4081,3294880,1,0
4082,3295494,2,0
4083,3296108,1,0
4084,3307011,1,0
4085,3307625,1,0
4086,3308239,1,0
4087,3308853,1,0
4088,3309468,1,0
4089,3310082,1,0
4090,3310696,1,0
4091,3311310,1,0
4092,3311925,2,0
4093,3312539,1,0
4094,3313153,1,0
4095,3313767,1,0
4096,3314382,1,0
4097,3314996,1,0
4098,3315610,1,0
4099,3316224,1,0
4100,3316839,1,0
4101,3317453,1,0
4102,3318067,1,0
4103,3318681,1,0
4104,3319296,1,0
4105,3319910,1,0
4106,3320524,1,0
4107,3321138,1,0
4108,3321752,1,0
4109,3322367,1,0
4110,3322981,2,0
4111,3323595,1,0
4112,3324209,1,0
4113,3324824,1,0
4114,3325438,1,0
4115,3326052,1,0
4116,3326666,1,0
4117,3327281,1,0
4118,3327895,1,0
4119,3328509,1,0
4120,3329123,1,0
4121,3329738,1,0
4122,3330352,1,0
4123,3330966,1,0
4124,3331580,1,0
4125,3332195,2,0
4126,3332809,1,0
4127,3333423,1,0
4128,3334037,1,0
4129,3334652,1,0
4130,3335266,1,0
4131,3335880,1,0
4132,3336494,1,0
4133,3337108,1,0
4134,3337723,1,0
4135,3338337,1,0
4136,3338951,2,0
4137,3339565,1,0
4138,3340180,1,0
4139,3340794,1,0
4140,3341408,1,0
4141,3342022,1,0
4142,3342637,1,0
4143,3343251,1,0
4144,3343865,1,0
4145,3344479,1,0
4146,3345094,1,0
4147,3345708,1,0
4148,3346322,2,0
4149,3346936,1,0
4150,3347550,1,0
4151,3348165,1,0
4152,3348779,1,0
4153,3349393,1,0
4154,3350007,1,0
4155,3350622,1,0
4156,3351236,1,0
4157,3351850,1,0
4158,3352464,1,0
4159,3353079,1,0
4160,3353693,1,0
4161,3354307,1,0
4162,3354921,2,0
4163,3355536,1,0
4164,3356150,1,0
4165,3356764,1,0
4166,3357378,1,0
4167,3357993,1,0
4168,3358607,1,0
4169,3359221,1,0
4170,3359835,1,0
4171,3360449,1,0
4172,3361064,1,0
4173,3361678,1,0
4174,3362292,2,0
4175,3362906,1,0
4176,3363521,1,0
4177,3364135,1,0
4178,3364749,1,0
4179,3365363,1,0
4180,3365978,1,0
4181,3366592,1,0
4182,3367206,1,0
4183,3367820,1,0
4184,3378757,1,0
4185,3379371,1,0
4186,3379986,1,0
4187,3380600,1,0
4188,3381214,1,0
4189,3381828,1,0
4190,3382443,1,0
4191,3383057,1,0
4192,3383671,2,0
4193,3384285,1,0
4194,3384900,1,0
4195,3385514,1,0
4196,3386128,1,0
4197,3386742,1,0
4198,3387357,1,0
4199,3387971,1,0
4200,3388585,1,0
4201,3389199,1,0
4202,3389813,2,0
4203,3390428,1,0
4204,3391042,1,0
4205,3391656,1,0
4206,3392270,1,0
4207,3392885,1,0
4208,3393499,1,0
4209,3394113,1,0
4210,3394727,1,0
4211,3395342,1,0
4212,3395956,1,0
4213,3396570,1,0
4214,3397184,1,0
4215,3397799,1,0
4216,3398413,2,0
4217,3399027,1,0
4218,3399641,1,0
4219,3400255,1,0
4220,3400870,1,0
4221,3401484,1,0
4222,3402098,1,0
4223,3402712,1,0
4224,3403327,1,0
4225,3403941,1,0
4226,3404555,1,0
4227,3405169,1,0
4228,3405784,1,0
4229,3406398,1,0
4230,3407012,2,0
4231,3407626,1,0
4232,3408241,1,0
4233,3408855,1,0
4234,3409469,1,0
4235,3410083,1,0
4236,3410698,1,0
4237,3411312,1,0
4238,3411926,1,0
4239,3412540,1,0
4240,3413155,1,0
4241,3413769,1,0
4242,3414383,1,0
4243,3414997,1,0
4244,3415611,1,0
4245,3416226,1,0
4246,3416840,1,0
4247,3417454,1,0
4248,3418068,1,0
4249,3418683,2,0
4250,3419297,1,0
4251,3419911,1,0
4252,3420525,1,0
4253,3421140,1,0
4254,3421754,1,0
4255,3422368,1,0
4256,3422982,1,0
4257,3423597,1,0
4258,3424211,1,0
4259,3424825,1,0
4260,3425439,2,0
4261,3426054,1,0
4262,3426668,1,0
4263,3427282,1,0
4264,3427896,1,0
4265,3428510,1,0
4266,3429125,1,0
4267,3429739,1,0
4268,3430353,1,0
4269,3430967,1,0
4270,3431582,1,0
4271,3432196,1,0
4272,3432810,1,0
4273,3433424,1,0
4274,3434039,1,0
4275,3434653,1,0
4276,3435267,2,0
4277,3435881,1,0
4278,3436496,1,0
4279,3437110,1,0
4280,3437724,1,0
4281,3438338,1,0
4282,3438953,1,0
4283,3439567,1,0
